OrderID,OrderDate,FiscalQuarter,Region,Channel,Dealer,Salesperson,Product,Category,MaterialOrType,Units,UnitPrice,DiscountRate,Revenue,COGS,GrossMargin,BackorderRisk,Notes
NAW-10112,2025-01-01,FY25 Q1,West,Dealer,Riverbend Instruments,Taylor Brooks,Humidifier Kit,Accessory,Care,124,29.88,0.08,3705.12,1593.2,2111.92,Medium,Artist clinic follow-up
NAW-10113,2025-01-01,FY25 Q1,West,Education,Cedar Hall Music,Casey Morgan,Premium Strap,Accessory,Accessory,141,54.88,0,7738.08,3559.52,4178.56,Medium,Dealer replenishment
NAW-10114,2025-01-01,FY25 Q1,West,E-commerce,Main Street Frets,Jordan Lee,Coated Lifespan Strings,Accessory,String set,27,24.19,0.1,653.13,254.72,398.41,Medium,Accessory attach opportunity
NAW-10115,2025-01-01,FY25 Q1,West,Artist Relations,Pacific Pick House,Riley Stone,Trail Mini,Guitar,HPL/Sapele,21,502.99,0.1,10562.79,6760.19,3802.6,Medium,Accessory attach opportunity
NAW-10116,2025-01-01,FY25 Q1,West,E-commerce,Soundpost Music,Samira Khan,Premium Strap,Accessory,Accessory,26,48.29,0.12,1255.54,577.55,677.99,Low,Accessory attach opportunity
NAW-10117,2025-01-01,FY25 Q1,West,Education,Blue Ridge Music,Casey Morgan,Stage Cutaway,Guitar,Spruce/Ovangkol,22,1302.59,0.03,28656.98,16907.62,11749.36,Low,Back-to-school promotion
NAW-10118,2025-01-01,FY25 Q1,West,Distributor,Blue Ridge Music,Alex Rivera,Foundry Custom,Guitar,Adirondack/Maple,16,3801.31,0.03,60820.96,29802.27,31018.69,Medium,Dealer replenishment
NAW-10119,2025-01-01,FY25 Q1,West,Artist Relations,Blue Ridge Music,Riley Stone,Premium Strap,Accessory,Accessory,47,54.88,0,2579.36,1186.51,1392.85,Low,Accessory attach opportunity
NAW-10120,2025-01-01,FY25 Q1,West,E-commerce,Bayfront Studio Gear,Samira Khan,Stage Cutaway,Guitar,Spruce/Ovangkol,21,1208.59,0.1,25380.39,14974.43,10405.96,Low,Artist clinic follow-up
NAW-10121,2025-01-01,FY25 Q1,West,E-commerce,Desert Tone Co.,Riley Stone,Summit Grand Auditorium,Guitar,Spruce/Walnut,23,1790.88,0,41190.24,23066.53,18123.71,Medium,Accessory attach opportunity
NAW-10122,2025-01-01,FY25 Q1,West,Dealer,Lakeside Strings,Morgan Evans,Aurora Dreadnought,Guitar,Spruce/Mahogany,24,1454.88,0,34917.12,20251.93,14665.19,Low,Accessory attach opportunity
NAW-10123,2025-01-01,FY25 Q1,West,Education,Soundpost Music,Casey Morgan,Phosphor Bronze Strings,Accessory,String set,115,16.13,0.1,1854.95,779.08,1075.87,High,Accessory attach opportunity
NAW-10124,2025-01-01,FY25 Q1,West,Distributor,Prairie Note,Samira Khan,Humidifier Kit,Accessory,Care,98,29.88,0.08,2928.24,1259.14,1669.1,Low,Accessory attach opportunity
NAW-10125,2025-01-01,FY25 Q1,West,Dealer,Metro Music Supply,Dana Hart,Summit Grand Auditorium,Guitar,Spruce/Walnut,7,1647.61,0.08,11533.27,6458.63,5074.64,Low,Accessory attach opportunity
NAW-10126,2025-01-01,FY25 Q1,West,E-commerce,Prairie Note,Dana Hart,Hardshell Case,Accessory,Case,122,233.02,0.05,28428.44,18478.49,9949.95,High,Holiday prebuild
NAW-10127,2025-01-01,FY25 Q1,West,Distributor,Copper Canyon Guitars,Alex Rivera,Humidifier Kit,Accessory,Care,93,28.58,0.12,2657.94,1142.91,1515.03,High,Dealer replenishment
NAW-10128,2025-01-01,FY25 Q1,West,Distributor,Bayfront Studio Gear,Riley Stone,Phosphor Bronze Strings,Accessory,String set,141,17.02,0.05,2399.82,1007.92,1391.9,Medium,Artist clinic follow-up
NAW-10129,2025-01-01,FY25 Q1,West,Artist Relations,Lakeside Strings,Priya Shah,Premium Strap,Accessory,Accessory,133,49.39,0.1,6568.87,3021.68,3547.19,Medium,Dealer replenishment
NAW-10130,2025-01-01,FY25 Q1,West,Education,Prairie Note,Casey Morgan,Phosphor Bronze Strings,Accessory,String set,65,16.13,0.1,1048.45,440.35,608.1,Medium,Artist clinic follow-up
NAW-10131,2025-01-01,FY25 Q1,West,Dealer,Copper Canyon Guitars,Elliot Chen,Harbor OM,Guitar,Spruce/Rosewood,25,1956.73,0.08,48918.25,26415.86,22502.39,Low,Holiday prebuild
NAW-10132,2025-01-01,FY25 Q1,West,Artist Relations,Riverbend Instruments,Dana Hart,Aurora Dreadnought,Guitar,Spruce/Mahogany,32,1280.29,0.12,40969.28,23762.18,17207.1,High,Artist clinic follow-up
NAW-10133,2025-01-01,FY25 Q1,West,Education,Riverbend Instruments,Elliot Chen,Trail Mini,Guitar,HPL/Sapele,22,502.99,0.1,11065.78,7082.1,3983.68,Low,Dealer replenishment
NAW-10134,2025-01-01,FY25 Q1,West,Dealer,Prairie Note,Alex Rivera,Phosphor Bronze Strings,Accessory,String set,140,17.38,0.03,2433.2,1021.94,1411.26,High,Artist clinic follow-up
NAW-10135,2025-01-01,FY25 Q1,West,Education,Blue Ridge Music,Priya Shah,Trail Mini,Guitar,HPL/Sapele,27,491.81,0.12,13278.87,8498.48,4780.39,High,Holiday prebuild
NAW-10136,2025-01-01,FY25 Q1,West,E-commerce,Bayfront Studio Gear,Riley Stone,Hardshell Case,Accessory,Case,123,233.02,0.05,28661.46,18629.95,10031.51,Medium,Holiday prebuild
NAW-10137,2025-01-01,FY25 Q1,West,Dealer,Pacific Pick House,Priya Shah,Aurora Dreadnought,Guitar,Spruce/Mahogany,22,1411.23,0.03,31047.06,18007.29,13039.77,Medium,Holiday prebuild
NAW-10138,2025-01-01,FY25 Q1,West,E-commerce,Cedar Hall Music,Morgan Evans,Stage Cutaway,Guitar,Spruce/Ovangkol,8,1235.45,0.08,9883.6,5831.32,4052.28,High,Accessory attach opportunity
NAW-10139,2025-01-01,FY25 Q1,West,Distributor,Metro Music Supply,Priya Shah,Phosphor Bronze Strings,Accessory,String set,26,17.38,0.03,451.88,189.79,262.09,High,Artist clinic follow-up
NAW-10252,2025-01-01,FY25 Q1,West,Dealer,Blue Ridge Music,Taylor Brooks,Northstar Ukulele,Instrument,Mahogany,17,406.52,0,6910.84,4215.61,2695.23,Low,Holiday prebuild
NAW-10253,2025-01-01,FY25 Q1,West,Dealer,Metro Music Supply,Jordan Lee,Humidifier Kit,Accessory,Care,108,32.09,0.05,3465.72,1490.26,1975.46,Medium,Dealer replenishment
NAW-10254,2025-01-01,FY25 Q1,West,Education,Bayfront Studio Gear,Taylor Brooks,Premium Strap,Accessory,Accessory,126,51.37,0.1,6472.62,2977.41,3495.21,Low,Back-to-school promotion
NAW-10255,2025-01-01,FY25 Q1,West,E-commerce,Metro Music Supply,Morgan Evans,Aurora Dreadnought,Guitar,Spruce/Mahogany,34,1361.77,0.1,46300.18,26854.1,19446.08,Low,Dealer replenishment
NAW-10256,2025-01-01,FY25 Q1,West,Distributor,Soundpost Music,Priya Shah,Coated Lifespan Strings,Accessory,String set,112,26.56,0.05,2974.72,1160.14,1814.58,Medium,Dealer replenishment
NAW-10257,2025-01-01,FY25 Q1,West,Distributor,Lakeside Strings,Jordan Lee,Summit Grand Auditorium,Guitar,Spruce/Walnut,37,1806.64,0.03,66845.68,37433.58,29412.1,High,Dealer replenishment
NAW-10258,2025-01-01,FY25 Q1,West,Artist Relations,Riverbend Instruments,Jordan Lee,Humidifier Kit,Accessory,Care,145,29.73,0.12,4310.85,1853.67,2457.18,Low,Holiday prebuild
NAW-10259,2025-01-01,FY25 Q1,West,Distributor,Metro Music Supply,Dana Hart,Premium Strap,Accessory,Accessory,26,51.37,0.1,1335.62,614.39,721.23,High,Accessory attach opportunity
NAW-10260,2025-01-01,FY25 Q1,West,Dealer,Pacific Pick House,Morgan Evans,Phosphor Bronze Strings,Accessory,String set,66,17.7,0.05,1168.2,490.64,677.56,Medium,Back-to-school promotion
NAW-10261,2025-01-01,FY25 Q1,West,Dealer,Prairie Note,Priya Shah,Coated Lifespan Strings,Accessory,String set,37,27.96,0,1034.52,403.46,631.06,High,Artist clinic follow-up
NAW-10262,2025-01-01,FY25 Q1,West,E-commerce,Copper Canyon Guitars,Samira Khan,Humidifier Kit,Accessory,Care,82,32.09,0.05,2631.38,1131.49,1499.89,Medium,Accessory attach opportunity
NAW-10263,2025-01-01,FY25 Q1,West,Distributor,Cedar Hall Music,Elliot Chen,Northstar Ukulele,Instrument,Mahogany,30,365.86,0.1,10975.8,6695.24,4280.56,Low,Artist clinic follow-up
NAW-10264,2025-01-01,FY25 Q1,West,Dealer,Prairie Note,Dana Hart,Summit Grand Auditorium,Guitar,Spruce/Walnut,13,1676.26,0.1,21791.38,12203.17,9588.21,Low,Accessory attach opportunity
NAW-10265,2025-01-01,FY25 Q1,West,Distributor,Bayfront Studio Gear,Elliot Chen,Phosphor Bronze Strings,Accessory,String set,29,17.15,0.08,497.35,208.89,288.46,Low,Holiday prebuild
NAW-10266,2025-01-01,FY25 Q1,West,Artist Relations,Metro Music Supply,Elliot Chen,Aurora Dreadnought,Guitar,Spruce/Mahogany,28,1392.03,0.08,38976.84,22606.57,16370.27,High,Artist clinic follow-up
NAW-10267,2025-01-01,FY25 Q1,West,Artist Relations,Cedar Hall Music,Casey Morgan,Humidifier Kit,Accessory,Care,31,32.77,0.03,1015.87,436.82,579.05,Low,Accessory attach opportunity
NAW-10268,2025-01-01,FY25 Q1,West,Distributor,Riverbend Instruments,Alex Rivera,Phosphor Bronze Strings,Accessory,String set,96,17.7,0.05,1699.2,713.66,985.54,Medium,Dealer replenishment
NAW-10269,2025-01-01,FY25 Q1,West,Dealer,Soundpost Music,Alex Rivera,Northstar Ukulele,Instrument,Mahogany,11,373.99,0.08,4113.89,2509.47,1604.42,Low,Accessory attach opportunity
NAW-10270,2025-01-01,FY25 Q1,West,Education,Bayfront Studio Gear,Morgan Evans,Foundry Custom,Guitar,Adirondack/Maple,4,3586.56,0.12,14346.24,7029.66,7316.58,Low,Back-to-school promotion
NAW-10271,2025-01-01,FY25 Q1,West,Distributor,Cedar Hall Music,Riley Stone,Stage Cutaway,Guitar,Spruce/Ovangkol,4,1326.77,0.05,5307.08,3131.18,2175.9,High,Holiday prebuild
NAW-10272,2025-01-01,FY25 Q1,West,Artist Relations,Metro Music Supply,Jordan Lee,Foundry Custom,Guitar,Adirondack/Maple,22,4075.64,0,89664.08,43935.4,45728.68,Medium,Accessory attach opportunity
NAW-10273,2025-01-01,FY25 Q1,West,E-commerce,Desert Tone Co.,Jordan Lee,Coated Lifespan Strings,Accessory,String set,87,27.96,0,2432.52,948.68,1483.84,Medium,Accessory attach opportunity
NAW-10274,2025-01-01,FY25 Q1,West,Artist Relations,Prairie Note,Jordan Lee,Northstar Ukulele,Instrument,Mahogany,30,357.73,0.12,10731.9,6546.46,4185.44,Low,Accessory attach opportunity
NAW-10275,2025-01-01,FY25 Q1,West,Education,Cedar Hall Music,Dana Hart,Hardshell Case,Accessory,Case,43,229.58,0.1,9871.94,6416.76,3455.18,Low,Back-to-school promotion
NAW-10276,2025-01-01,FY25 Q1,West,Education,Prairie Note,Riley Stone,Summit Grand Auditorium,Guitar,Spruce/Walnut,35,1806.64,0.03,63232.4,35410.14,27822.26,Medium,Accessory attach opportunity
NAW-10277,2025-01-01,FY25 Q1,West,Dealer,Soundpost Music,Morgan Evans,Premium Strap,Accessory,Accessory,147,52.51,0.08,7718.97,3550.73,4168.24,Medium,Artist clinic follow-up
NAW-10278,2025-01-01,FY25 Q1,West,Distributor,Metro Music Supply,Casey Morgan,Phosphor Bronze Strings,Accessory,String set,110,18.64,0,2050.4,861.17,1189.23,High,Back-to-school promotion
NAW-10279,2025-01-01,FY25 Q1,West,Artist Relations,Desert Tone Co.,Samira Khan,Aurora Dreadnought,Guitar,Spruce/Mahogany,20,1467.68,0.03,29353.6,17025.09,12328.51,Low,Dealer replenishment
NAW-10392,2025-03-01,FY25 Q1,West,Dealer,Metro Music Supply,Dana Hart,Harbor OM,Guitar,Spruce/Rosewood,8,2274.23,0,18193.84,9824.67,8369.17,High,Back-to-school promotion
NAW-10393,2025-03-01,FY25 Q1,West,Artist Relations,Lakeside Strings,Samira Khan,Coated Lifespan Strings,Accessory,String set,115,27.31,0.05,3140.65,1224.85,1915.8,Low,Holiday prebuild
NAW-10394,2025-03-01,FY25 Q1,West,Distributor,Desert Tone Co.,Elliot Chen,Premium Strap,Accessory,Accessory,117,52.81,0.1,6178.77,2842.23,3336.54,Low,Accessory attach opportunity
NAW-10395,2025-03-01,FY25 Q1,West,Distributor,Copper Canyon Guitars,Samira Khan,Phosphor Bronze Strings,Accessory,String set,106,16.86,0.12,1787.16,750.61,1036.55,Low,Artist clinic follow-up
NAW-10396,2025-03-01,FY25 Q1,West,Dealer,Blue Ridge Music,Taylor Brooks,Premium Strap,Accessory,Accessory,49,55.75,0.05,2731.75,1256.6,1475.15,Low,Accessory attach opportunity
NAW-10397,2025-03-01,FY25 Q1,West,Artist Relations,Metro Music Supply,Morgan Evans,Trail Mini,Guitar,HPL/Sapele,36,579.67,0.03,20868.12,13355.6,7512.52,High,Dealer replenishment
NAW-10398,2025-03-01,FY25 Q1,West,Distributor,Desert Tone Co.,Casey Morgan,Premium Strap,Accessory,Accessory,90,51.64,0.12,4647.6,2137.9,2509.7,Medium,Holiday prebuild
NAW-10399,2025-03-01,FY25 Q1,West,Dealer,Soundpost Music,Elliot Chen,Hardshell Case,Accessory,Case,50,249.16,0.05,12458.0,8097.7,4360.3,Low,Dealer replenishment
NAW-10400,2025-03-01,FY25 Q1,West,Education,Cedar Hall Music,Jordan Lee,Phosphor Bronze Strings,Accessory,String set,68,17.25,0.1,1173.0,492.66,680.34,High,Dealer replenishment
NAW-10401,2025-03-01,FY25 Q1,West,Dealer,Soundpost Music,Alex Rivera,Humidifier Kit,Accessory,Care,110,33.69,0.03,3705.9,1593.54,2112.36,Medium,Back-to-school promotion
NAW-10402,2025-03-01,FY25 Q1,West,Education,Main Street Frets,Riley Stone,Hardshell Case,Accessory,Case,37,236.05,0.1,8733.85,5677.0,3056.85,Low,Artist clinic follow-up
NAW-10403,2025-03-01,FY25 Q1,West,Dealer,Soundpost Music,Taylor Brooks,Humidifier Kit,Accessory,Care,68,32.99,0.05,2243.32,964.63,1278.69,Medium,Holiday prebuild
NAW-10404,2025-03-01,FY25 Q1,West,Education,Main Street Frets,Dana Hart,Harbor OM,Guitar,Spruce/Rosewood,21,2092.3,0.08,43938.3,23726.68,20211.62,Low,Accessory attach opportunity
NAW-10405,2025-03-01,FY25 Q1,West,Artist Relations,Metro Music Supply,Jordan Lee,Harbor OM,Guitar,Spruce/Rosewood,3,2160.52,0.05,6481.56,3500.04,2981.52,Low,Dealer replenishment
NAW-10406,2025-03-01,FY25 Q1,West,Education,Lakeside Strings,Priya Shah,Stage Cutaway,Guitar,Spruce/Ovangkol,36,1435.92,0,51693.12,30498.94,21194.18,Medium,Back-to-school promotion
NAW-10407,2025-03-01,FY25 Q1,West,Artist Relations,Copper Canyon Guitars,Dana Hart,Humidifier Kit,Accessory,Care,69,32.99,0.05,2276.31,978.81,1297.5,Low,Dealer replenishment
NAW-10408,2025-03-01,FY25 Q1,West,Distributor,Bayfront Studio Gear,Taylor Brooks,Humidifier Kit,Accessory,Care,159,31.26,0.1,4970.34,2137.25,2833.09,Medium,Holiday prebuild
NAW-10409,2025-03-01,FY25 Q1,West,Artist Relations,Bayfront Studio Gear,Priya Shah,Humidifier Kit,Accessory,Care,148,34.73,0,5140.04,2210.22,2929.82,Medium,Back-to-school promotion
NAW-10410,2025-03-01,FY25 Q1,West,Dealer,Metro Music Supply,Riley Stone,Hardshell Case,Accessory,Case,81,230.8,0.12,18694.8,12151.62,6543.18,Low,Artist clinic follow-up
NAW-10411,2025-03-01,FY25 Q1,West,E-commerce,Main Street Frets,Jordan Lee,Northstar Ukulele,Instrument,Mahogany,22,384.52,0.08,8459.44,5160.26,3299.18,Low,Artist clinic follow-up
NAW-10412,2025-03-01,FY25 Q1,West,Distributor,Soundpost Music,Elliot Chen,Phosphor Bronze Strings,Accessory,String set,50,16.86,0.12,843.0,354.06,488.94,Medium,Back-to-school promotion
NAW-10413,2025-03-01,FY25 Q1,West,E-commerce,Cedar Hall Music,Taylor Brooks,Premium Strap,Accessory,Accessory,110,52.81,0.1,5809.1,2672.19,3136.91,Low,Dealer replenishment
NAW-10414,2025-03-01,FY25 Q1,West,Distributor,Main Street Frets,Priya Shah,Phosphor Bronze Strings,Accessory,String set,81,16.86,0.12,1365.66,573.58,792.08,Low,Dealer replenishment
NAW-10415,2025-03-01,FY25 Q1,West,Education,Copper Canyon Guitars,Dana Hart,Phosphor Bronze Strings,Accessory,String set,92,16.86,0.12,1551.12,651.47,899.65,Medium,Dealer replenishment
NAW-10416,2025-03-01,FY25 Q1,West,Distributor,Lakeside Strings,Priya Shah,Humidifier Kit,Accessory,Care,113,34.73,0,3924.49,1687.53,2236.96,Medium,Dealer replenishment
NAW-10417,2025-03-01,FY25 Q1,West,E-commerce,Main Street Frets,Morgan Evans,Stage Cutaway,Guitar,Spruce/Ovangkol,22,1392.84,0.03,30642.48,18079.06,12563.42,Medium,Holiday prebuild
NAW-10418,2025-03-01,FY25 Q1,West,Artist Relations,Cedar Hall Music,Alex Rivera,Northstar Ukulele,Instrument,Mahogany,22,384.52,0.08,8459.44,5160.26,3299.18,Medium,Back-to-school promotion
NAW-10419,2025-03-01,FY25 Q1,West,Education,Copper Canyon Guitars,Taylor Brooks,Premium Strap,Accessory,Accessory,98,56.92,0.03,5578.16,2565.95,3012.21,Medium,Holiday prebuild
NAW-10532,2025-04-01,FY25 Q2,West,Education,Copper Canyon Guitars,Taylor Brooks,Trail Mini,Guitar,HPL/Sapele,30,573.41,0.05,17202.3,11009.47,6192.83,Low,Back-to-school promotion
NAW-10533,2025-04-01,FY25 Q2,West,Artist Relations,Cedar Hall Music,Elliot Chen,Summit Grand Auditorium,Guitar,Spruce/Walnut,16,1876.13,0.03,30018.08,16810.12,13207.96,Low,Accessory attach opportunity
NAW-10534,2025-04-01,FY25 Q2,West,Distributor,Copper Canyon Guitars,Priya Shah,Coated Lifespan Strings,Accessory,String set,122,25.55,0.12,3117.1,1215.67,1901.43,Medium,Back-to-school promotion
NAW-10535,2025-04-01,FY25 Q2,West,Distributor,Riverbend Instruments,Jordan Lee,Northstar Ukulele,Instrument,Mahogany,10,371.49,0.12,3714.9,2266.09,1448.81,Low,Dealer replenishment
NAW-10536,2025-04-01,FY25 Q2,West,Distributor,Blue Ridge Music,Riley Stone,Stage Cutaway,Guitar,Spruce/Ovangkol,4,1377.79,0.05,5511.16,3251.58,2259.58,Low,Holiday prebuild
NAW-10537,2025-04-01,FY25 Q2,West,Distributor,Pacific Pick House,Dana Hart,Northstar Ukulele,Instrument,Mahogany,24,388.38,0.08,9321.12,5685.88,3635.24,Medium,Accessory attach opportunity
NAW-10538,2025-04-01,FY25 Q2,West,Distributor,Prairie Note,Riley Stone,Foundry Custom,Guitar,Adirondack/Maple,38,3893.8,0.08,147964.4,72502.56,75461.84,Medium,Holiday prebuild
NAW-10539,2025-04-01,FY25 Q2,West,E-commerce,Desert Tone Co.,Alex Rivera,Summit Grand Auditorium,Guitar,Spruce/Walnut,36,1837.44,0.05,66147.84,37042.79,29105.05,Medium,Back-to-school promotion
NAW-10540,2025-04-01,FY25 Q2,West,Artist Relations,Soundpost Music,Riley Stone,Phosphor Bronze Strings,Accessory,String set,153,17.42,0.1,2665.26,1119.41,1545.85,High,Accessory attach opportunity
NAW-10541,2025-04-01,FY25 Q2,West,Artist Relations,Riverbend Instruments,Priya Shah,Humidifier Kit,Accessory,Care,29,31.57,0.1,915.53,393.68,521.85,Low,Back-to-school promotion
NAW-10542,2025-04-01,FY25 Q2,West,Dealer,Soundpost Music,Dana Hart,Foundry Custom,Guitar,Adirondack/Maple,35,4020.77,0.05,140726.95,68956.21,71770.74,Medium,Holiday prebuild
NAW-10543,2025-04-01,FY25 Q2,West,Artist Relations,Bayfront Studio Gear,Taylor Brooks,Harbor OM,Guitar,Spruce/Rosewood,35,2228.12,0.03,77984.2,42111.47,35872.73,Medium,Artist clinic follow-up
NAW-10544,2025-04-01,FY25 Q2,West,E-commerce,Metro Music Supply,Priya Shah,Harbor OM,Guitar,Spruce/Rosewood,25,2182.18,0.05,54554.5,29459.43,25095.07,Low,Dealer replenishment
NAW-10545,2025-04-01,FY25 Q2,West,E-commerce,Main Street Frets,Riley Stone,Foundry Custom,Guitar,Adirondack/Maple,5,4020.77,0.05,20103.85,9850.89,10252.96,Low,Dealer replenishment
NAW-10546,2025-04-01,FY25 Q2,West,E-commerce,Lakeside Strings,Riley Stone,Northstar Ukulele,Instrument,Mahogany,3,422.15,0,1266.45,772.53,493.92,Medium,Accessory attach opportunity
NAW-10547,2025-04-01,FY25 Q2,West,Education,Copper Canyon Guitars,Taylor Brooks,Northstar Ukulele,Instrument,Mahogany,4,388.38,0.08,1553.52,947.65,605.87,Medium,Dealer replenishment
NAW-10548,2025-04-01,FY25 Q2,West,Artist Relations,Blue Ridge Music,Elliot Chen,Harbor OM,Guitar,Spruce/Rosewood,30,2297.03,0,68910.9,37211.89,31699.01,Medium,Accessory attach opportunity
NAW-10549,2025-04-01,FY25 Q2,West,Education,Soundpost Music,Priya Shah,Foundry Custom,Guitar,Adirondack/Maple,15,3809.15,0.1,57137.25,27997.25,29140.0,Medium,Artist clinic follow-up
NAW-10550,2025-04-01,FY25 Q2,West,Dealer,Desert Tone Co.,Casey Morgan,Foundry Custom,Guitar,Adirondack/Maple,32,3724.5,0.12,119184.0,58400.16,60783.84,High,Dealer replenishment
NAW-10551,2025-04-01,FY25 Q2,West,E-commerce,Bayfront Studio Gear,Jordan Lee,Foundry Custom,Guitar,Adirondack/Maple,26,4232.39,0,110042.14,53920.65,56121.49,Medium,Back-to-school promotion
NAW-10552,2025-04-01,FY25 Q2,West,E-commerce,Soundpost Music,Jordan Lee,Coated Lifespan Strings,Accessory,String set,90,26.71,0.08,2403.9,937.52,1466.38,Low,Accessory attach opportunity
NAW-10553,2025-04-01,FY25 Q2,West,E-commerce,Riverbend Instruments,Dana Hart,Premium Strap,Accessory,Accessory,79,59.27,0,4682.33,2153.87,2528.46,Low,Dealer replenishment
NAW-10554,2025-04-01,FY25 Q2,West,E-commerce,Main Street Frets,Samira Khan,Coated Lifespan Strings,Accessory,String set,68,27.58,0.05,1875.44,731.42,1144.02,High,Accessory attach opportunity
NAW-10555,2025-04-01,FY25 Q2,West,Artist Relations,Copper Canyon Guitars,Elliot Chen,Aurora Dreadnought,Guitar,Spruce/Mahogany,37,1445.57,0.08,53486.09,31021.93,22464.16,Medium,Artist clinic follow-up
NAW-10556,2025-04-01,FY25 Q2,West,Education,Pacific Pick House,Taylor Brooks,Humidifier Kit,Accessory,Care,63,30.87,0.12,1944.81,836.27,1108.54,High,Artist clinic follow-up
NAW-10557,2025-04-01,FY25 Q2,West,Dealer,Soundpost Music,Riley Stone,Coated Lifespan Strings,Accessory,String set,40,25.55,0.12,1022.0,398.58,623.42,Low,Dealer replenishment
NAW-10558,2025-04-01,FY25 Q2,West,Distributor,Prairie Note,Priya Shah,Premium Strap,Accessory,Accessory,68,56.31,0.05,3829.08,1761.38,2067.7,Low,Accessory attach opportunity
NAW-10559,2025-04-01,FY25 Q2,West,Education,Metro Music Supply,Priya Shah,Foundry Custom,Guitar,Adirondack/Maple,23,3809.15,0.1,87610.45,42929.12,44681.33,High,Holiday prebuild
NAW-10672,2025-05-01,FY25 Q2,West,Education,Lakeside Strings,Elliot Chen,Humidifier Kit,Accessory,Care,147,33.69,0.03,4952.43,2129.54,2822.89,Medium,Dealer replenishment
NAW-10673,2025-05-01,FY25 Q2,West,Artist Relations,Lakeside Strings,Elliot Chen,Humidifier Kit,Accessory,Care,123,31.95,0.08,3929.85,1689.84,2240.01,Medium,Artist clinic follow-up
NAW-10674,2025-05-01,FY25 Q2,West,Education,Bayfront Studio Gear,Samira Khan,Foundry Custom,Guitar,Adirondack/Maple,5,3855.16,0.08,19275.8,9445.14,9830.66,Medium,Artist clinic follow-up
NAW-10675,2025-05-01,FY25 Q2,West,Artist Relations,Desert Tone Co.,Samira Khan,Humidifier Kit,Accessory,Care,133,33.69,0.03,4480.77,1926.73,2554.04,Low,Accessory attach opportunity
NAW-10676,2025-05-01,FY25 Q2,West,E-commerce,Cedar Hall Music,Taylor Brooks,Summit Grand Auditorium,Guitar,Spruce/Walnut,31,1819.21,0.05,56395.51,31581.49,24814.02,Low,Holiday prebuild
NAW-10677,2025-05-01,FY25 Q2,West,Dealer,Main Street Frets,Priya Shah,Hardshell Case,Accessory,Case,53,230.8,0.12,12232.4,7951.06,4281.34,Medium,Accessory attach opportunity
NAW-10678,2025-05-01,FY25 Q2,West,E-commerce,Cedar Hall Music,Morgan Evans,Phosphor Bronze Strings,Accessory,String set,86,18.59,0.03,1598.74,671.47,927.27,High,Accessory attach opportunity
NAW-10679,2025-05-01,FY25 Q2,West,Artist Relations,Prairie Note,Morgan Evans,Coated Lifespan Strings,Accessory,String set,127,27.88,0.03,3540.76,1380.9,2159.86,High,Back-to-school promotion
NAW-10680,2025-05-01,FY25 Q2,West,Dealer,Copper Canyon Guitars,Riley Stone,Aurora Dreadnought,Guitar,Spruce/Mahogany,8,1431.22,0.08,11449.76,6640.86,4808.9,High,Accessory attach opportunity
NAW-10681,2025-05-01,FY25 Q2,West,Dealer,Main Street Frets,Dana Hart,Stage Cutaway,Guitar,Spruce/Ovangkol,27,1292.33,0.1,34892.91,20586.82,14306.09,Medium,Holiday prebuild
NAW-10682,2025-05-01,FY25 Q2,West,Dealer,Bayfront Studio Gear,Taylor Brooks,Summit Grand Auditorium,Guitar,Spruce/Walnut,27,1857.51,0.03,50152.77,28085.55,22067.22,High,Artist clinic follow-up
NAW-10683,2025-05-01,FY25 Q2,West,Artist Relations,Desert Tone Co.,Jordan Lee,Aurora Dreadnought,Guitar,Spruce/Mahogany,34,1369.0,0.12,46546.0,26996.68,19549.32,High,Artist clinic follow-up
NAW-10684,2025-05-01,FY25 Q2,West,Dealer,Desert Tone Co.,Dana Hart,Summit Grand Auditorium,Guitar,Spruce/Walnut,35,1685.16,0.12,58980.6,33029.14,25951.46,Low,Accessory attach opportunity
NAW-10685,2025-05-01,FY25 Q2,West,Dealer,Riverbend Instruments,Jordan Lee,Phosphor Bronze Strings,Accessory,String set,124,19.16,0,2375.84,997.85,1377.99,Medium,Back-to-school promotion
NAW-10686,2025-05-01,FY25 Q2,West,E-commerce,Pacific Pick House,Priya Shah,Hardshell Case,Accessory,Case,60,254.41,0.03,15264.6,9921.99,5342.61,Low,Holiday prebuild
NAW-10687,2025-05-01,FY25 Q2,West,Distributor,Prairie Note,Taylor Brooks,Summit Grand Auditorium,Guitar,Spruce/Walnut,7,1819.21,0.05,12734.47,7131.3,5603.17,Low,Holiday prebuild
NAW-10688,2025-05-01,FY25 Q2,West,E-commerce,Bayfront Studio Gear,Alex Rivera,Foundry Custom,Guitar,Adirondack/Maple,21,3771.35,0.1,79198.35,38807.19,40391.16,Low,Dealer replenishment
NAW-10689,2025-05-01,FY25 Q2,West,Artist Relations,Riverbend Instruments,Priya Shah,Phosphor Bronze Strings,Accessory,String set,30,18.2,0.05,546.0,229.32,316.68,Low,Dealer replenishment
NAW-10690,2025-05-01,FY25 Q2,West,Education,Bayfront Studio Gear,Casey Morgan,Trail Mini,Guitar,HPL/Sapele,4,549.79,0.08,2199.16,1407.46,791.7,Medium,Accessory attach opportunity
NAW-10691,2025-05-01,FY25 Q2,West,Education,Pacific Pick House,Alex Rivera,Foundry Custom,Guitar,Adirondack/Maple,23,4064.68,0.03,93487.64,45808.94,47678.7,Low,Artist clinic follow-up
NAW-10692,2025-05-01,FY25 Q2,West,E-commerce,Lakeside Strings,Priya Shah,Phosphor Bronze Strings,Accessory,String set,56,16.86,0.12,944.16,396.55,547.61,Low,Back-to-school promotion
NAW-10693,2025-05-01,FY25 Q2,West,Artist Relations,Lakeside Strings,Samira Khan,Aurora Dreadnought,Guitar,Spruce/Mahogany,31,1477.89,0.05,45814.59,26572.46,19242.13,Medium,Dealer replenishment
NAW-10694,2025-05-01,FY25 Q2,West,Dealer,Copper Canyon Guitars,Jordan Lee,Summit Grand Auditorium,Guitar,Spruce/Walnut,7,1761.76,0.08,12332.32,6906.1,5426.22,Low,Holiday prebuild
NAW-10695,2025-05-01,FY25 Q2,West,Education,Prairie Note,Alex Rivera,Northstar Ukulele,Instrument,Mahogany,11,405.42,0.03,4459.62,2720.37,1739.25,Medium,Artist clinic follow-up
NAW-10696,2025-05-01,FY25 Q2,West,Dealer,Soundpost Music,Dana Hart,Hardshell Case,Accessory,Case,91,236.05,0.1,21480.55,13962.36,7518.19,High,Artist clinic follow-up
NAW-10697,2025-05-01,FY25 Q2,West,Distributor,Prairie Note,Morgan Evans,Coated Lifespan Strings,Accessory,String set,100,26.44,0.08,2644.0,1031.16,1612.84,High,Holiday prebuild
NAW-10698,2025-05-01,FY25 Q2,West,E-commerce,Bayfront Studio Gear,Morgan Evans,Phosphor Bronze Strings,Accessory,String set,39,17.63,0.08,687.57,288.78,398.79,Medium,Back-to-school promotion
NAW-10699,2025-05-01,FY25 Q2,West,Distributor,Blue Ridge Music,Samira Khan,Trail Mini,Guitar,HPL/Sapele,37,567.72,0.05,21005.64,13443.61,7562.03,High,Dealer replenishment
NAW-10812,2025-05-01,FY25 Q2,West,Distributor,Soundpost Music,Riley Stone,Trail Mini,Guitar,HPL/Sapele,9,581.24,0,5231.16,3347.94,1883.22,Low,Accessory attach opportunity
NAW-10813,2025-05-01,FY25 Q2,West,E-commerce,Bayfront Studio Gear,Jordan Lee,Phosphor Bronze Strings,Accessory,String set,88,17.15,0.08,1509.2,633.86,875.34,Low,Accessory attach opportunity
NAW-10814,2025-05-01,FY25 Q2,West,E-commerce,Prairie Note,Riley Stone,Coated Lifespan Strings,Accessory,String set,54,27.96,0,1509.84,588.84,921.0,Low,Back-to-school promotion
NAW-10815,2025-05-01,FY25 Q2,West,E-commerce,Copper Canyon Guitars,Priya Shah,Coated Lifespan Strings,Accessory,String set,35,27.96,0,978.6,381.65,596.95,Medium,Back-to-school promotion
NAW-10816,2025-05-01,FY25 Q2,West,E-commerce,Lakeside Strings,Morgan Evans,Coated Lifespan Strings,Accessory,String set,28,27.96,0,782.88,305.32,477.56,Low,Accessory attach opportunity
NAW-10817,2025-05-01,FY25 Q2,West,Dealer,Lakeside Strings,Dana Hart,Foundry Custom,Guitar,Adirondack/Maple,28,3871.85,0.05,108411.8,53121.78,55290.02,Low,Back-to-school promotion
NAW-10818,2025-05-01,FY25 Q2,West,Education,Soundpost Music,Morgan Evans,Premium Strap,Accessory,Accessory,140,51.37,0.1,7191.8,3308.23,3883.57,Medium,Back-to-school promotion
NAW-10819,2025-05-01,FY25 Q2,West,E-commerce,Cedar Hall Music,Taylor Brooks,Trail Mini,Guitar,HPL/Sapele,12,581.24,0,6974.88,4463.92,2510.96,Low,Accessory attach opportunity
NAW-10820,2025-05-01,FY25 Q2,West,Dealer,Bayfront Studio Gear,Priya Shah,Hardshell Case,Accessory,Case,108,224.48,0.12,24243.84,15758.5,8485.34,Medium,Accessory attach opportunity
NAW-10821,2025-05-01,FY25 Q2,West,Artist Relations,Main Street Frets,Alex Rivera,Premium Strap,Accessory,Accessory,79,52.51,0.08,4148.29,1908.21,2240.08,Medium,Dealer replenishment
NAW-10822,2025-05-01,FY25 Q2,West,E-commerce,Prairie Note,Riley Stone,Northstar Ukulele,Instrument,Mahogany,27,386.19,0.05,10427.13,6360.55,4066.58,Low,Back-to-school promotion
NAW-10823,2025-05-01,FY25 Q2,West,E-commerce,Blue Ridge Music,Jordan Lee,Northstar Ukulele,Instrument,Mahogany,14,365.86,0.1,5122.04,3124.44,1997.6,Low,Dealer replenishment
NAW-10824,2025-05-01,FY25 Q2,West,Dealer,Copper Canyon Guitars,Riley Stone,Phosphor Bronze Strings,Accessory,String set,156,18.08,0.03,2820.48,1184.6,1635.88,Low,Accessory attach opportunity
NAW-10825,2025-05-01,FY25 Q2,West,E-commerce,Blue Ridge Music,Priya Shah,Humidifier Kit,Accessory,Care,158,32.09,0.05,5070.22,2180.19,2890.03,Medium,Artist clinic follow-up
NAW-10826,2025-05-01,FY25 Q2,West,Education,Main Street Frets,Priya Shah,Stage Cutaway,Guitar,Spruce/Ovangkol,31,1396.6,0,43294.6,25543.81,17750.79,Medium,Dealer replenishment
NAW-10827,2025-05-01,FY25 Q2,West,Artist Relations,Prairie Note,Elliot Chen,Aurora Dreadnought,Guitar,Spruce/Mahogany,5,1437.42,0.05,7187.1,4168.52,3018.58,Medium,Holiday prebuild
NAW-10828,2025-05-01,FY25 Q2,West,Education,Main Street Frets,Jordan Lee,Northstar Ukulele,Instrument,Mahogany,7,373.99,0.08,2617.93,1596.94,1020.99,High,Artist clinic follow-up
NAW-10829,2025-05-01,FY25 Q2,West,E-commerce,Cedar Hall Music,Taylor Brooks,Premium Strap,Accessory,Accessory,55,50.23,0.12,2762.65,1270.82,1491.83,Low,Back-to-school promotion
NAW-10830,2025-05-01,FY25 Q2,West,Dealer,Riverbend Instruments,Taylor Brooks,Phosphor Bronze Strings,Accessory,String set,57,16.4,0.12,934.8,392.62,542.18,Low,Holiday prebuild
NAW-10831,2025-05-01,FY25 Q2,West,Distributor,Soundpost Music,Elliot Chen,Summit Grand Auditorium,Guitar,Spruce/Walnut,22,1676.26,0.1,36877.72,20651.52,16226.2,Medium,Accessory attach opportunity
NAW-10832,2025-05-01,FY25 Q2,West,Education,Cedar Hall Music,Morgan Evans,Summit Grand Auditorium,Guitar,Spruce/Walnut,17,1769.39,0.05,30079.63,16844.59,13235.04,Medium,Holiday prebuild
NAW-10833,2025-05-01,FY25 Q2,West,Distributor,Copper Canyon Guitars,Casey Morgan,Harbor OM,Guitar,Spruce/Rosewood,15,2101.36,0.05,31520.4,17021.02,14499.38,Medium,Accessory attach opportunity
NAW-10834,2025-05-01,FY25 Q2,West,Distributor,Copper Canyon Guitars,Priya Shah,Premium Strap,Accessory,Accessory,51,52.51,0.08,2678.01,1231.88,1446.13,Low,Back-to-school promotion
NAW-10835,2025-05-01,FY25 Q2,West,Education,Metro Music Supply,Casey Morgan,Northstar Ukulele,Instrument,Mahogany,5,386.19,0.05,1930.95,1177.88,753.07,High,Back-to-school promotion
NAW-10836,2025-05-01,FY25 Q2,West,Distributor,Bayfront Studio Gear,Samira Khan,Hardshell Case,Accessory,Case,151,234.68,0.08,35436.68,23033.84,12402.84,Low,Dealer replenishment
NAW-10837,2025-05-01,FY25 Q2,West,Artist Relations,Blue Ridge Music,Riley Stone,Foundry Custom,Guitar,Adirondack/Maple,28,3749.58,0.08,104988.24,51444.24,53544.0,Low,Back-to-school promotion
NAW-10838,2025-05-01,FY25 Q2,West,Dealer,Main Street Frets,Jordan Lee,Premium Strap,Accessory,Accessory,28,55.36,0.03,1550.08,713.04,837.04,Low,Back-to-school promotion
NAW-10839,2025-05-01,FY25 Q2,West,Education,Copper Canyon Guitars,Elliot Chen,Phosphor Bronze Strings,Accessory,String set,126,18.64,0,2348.64,986.43,1362.21,Low,Holiday prebuild
NAW-10952,2025-06-01,FY25 Q2,West,Distributor,Metro Music Supply,Riley Stone,Hardshell Case,Accessory,Case,139,233.02,0.05,32389.78,21053.36,11336.42,High,Back-to-school promotion
NAW-10953,2025-06-01,FY25 Q2,West,Dealer,Soundpost Music,Jordan Lee,Humidifier Kit,Accessory,Care,23,30.86,0.05,709.78,305.21,404.57,High,Accessory attach opportunity
NAW-10954,2025-06-01,FY25 Q2,West,Dealer,Cedar Hall Music,Elliot Chen,Coated Lifespan Strings,Accessory,String set,142,23.65,0.12,3358.3,1309.74,2048.56,Medium,Holiday prebuild
NAW-10955,2025-06-01,FY25 Q2,West,Dealer,Prairie Note,Dana Hart,Summit Grand Auditorium,Guitar,Spruce/Walnut,16,1737.15,0.03,27794.4,15564.86,12229.54,Low,Dealer replenishment
NAW-10956,2025-06-01,FY25 Q2,West,Distributor,Desert Tone Co.,Jordan Lee,Hardshell Case,Accessory,Case,110,245.28,0,26980.8,17537.52,9443.28,Medium,Holiday prebuild
NAW-10957,2025-06-01,FY25 Q2,West,Education,Desert Tone Co.,Alex Rivera,Humidifier Kit,Accessory,Care,19,29.23,0.1,555.37,238.81,316.56,Medium,Holiday prebuild
NAW-10958,2025-06-01,FY25 Q2,West,Dealer,Metro Music Supply,Riley Stone,Summit Grand Auditorium,Guitar,Spruce/Walnut,9,1647.61,0.08,14828.49,8303.95,6524.54,High,Holiday prebuild
NAW-10959,2025-06-01,FY25 Q2,West,Education,Pacific Pick House,Riley Stone,Foundry Custom,Guitar,Adirondack/Maple,18,3526.99,0.1,63485.82,31108.05,32377.77,Medium,Accessory attach opportunity
NAW-10960,2025-06-01,FY25 Q2,West,Education,Bayfront Studio Gear,Jordan Lee,Harbor OM,Guitar,Spruce/Rosewood,35,2126.88,0,74440.8,40198.03,34242.77,High,Holiday prebuild
NAW-10961,2025-06-01,FY25 Q2,West,E-commerce,Metro Music Supply,Morgan Evans,Northstar Ukulele,Instrument,Mahogany,8,359.61,0.08,2876.88,1754.9,1121.98,Low,Accessory attach opportunity
NAW-10962,2025-06-01,FY25 Q2,West,E-commerce,Cedar Hall Music,Riley Stone,Trail Mini,Guitar,HPL/Sapele,27,514.17,0.08,13882.59,8884.86,4997.73,High,Accessory attach opportunity
NAW-10963,2025-06-01,FY25 Q2,West,Distributor,Desert Tone Co.,Morgan Evans,Humidifier Kit,Accessory,Care,138,31.51,0.03,4348.38,1869.8,2478.58,Medium,Dealer replenishment
NAW-10964,2025-06-01,FY25 Q2,West,Dealer,Desert Tone Co.,Alex Rivera,Humidifier Kit,Accessory,Care,103,29.88,0.08,3077.64,1323.39,1754.25,Medium,Artist clinic follow-up
NAW-10965,2025-06-01,FY25 Q2,West,Artist Relations,Copper Canyon Guitars,Dana Hart,Northstar Ukulele,Instrument,Mahogany,38,379.15,0.03,14407.7,8788.7,5619.0,High,Holiday prebuild
NAW-10966,2025-06-01,FY25 Q2,West,Education,Bayfront Studio Gear,Samira Khan,Premium Strap,Accessory,Accessory,116,50.49,0.08,5856.84,2694.15,3162.69,Low,Accessory attach opportunity
NAW-10967,2025-06-01,FY25 Q2,West,Dealer,Copper Canyon Guitars,Elliot Chen,Hardshell Case,Accessory,Case,113,233.02,0.05,26331.26,17115.32,9215.94,Low,Artist clinic follow-up
NAW-10968,2025-06-01,FY25 Q2,West,Artist Relations,Bayfront Studio Gear,Jordan Lee,Summit Grand Auditorium,Guitar,Spruce/Walnut,3,1611.79,0.1,4835.37,2707.81,2127.56,Low,Artist clinic follow-up
NAW-10969,2025-06-01,FY25 Q2,West,Dealer,Blue Ridge Music,Riley Stone,Hardshell Case,Accessory,Case,112,233.02,0.05,26098.24,16963.86,9134.38,Low,Back-to-school promotion
NAW-10970,2025-06-01,FY25 Q2,West,Artist Relations,Cedar Hall Music,Priya Shah,Foundry Custom,Guitar,Adirondack/Maple,37,3801.31,0.03,140648.47,68917.75,71730.72,Medium,Back-to-school promotion
NAW-10971,2025-06-01,FY25 Q2,West,Distributor,Blue Ridge Music,Alex Rivera,Coated Lifespan Strings,Accessory,String set,120,25.54,0.05,3064.8,1195.27,1869.53,High,Holiday prebuild
NAW-10972,2025-06-01,FY25 Q2,West,E-commerce,Prairie Note,Elliot Chen,Trail Mini,Guitar,HPL/Sapele,33,558.88,0,18443.04,11803.55,6639.49,Low,Back-to-school promotion
NAW-10973,2025-06-01,FY25 Q2,West,Dealer,Lakeside Strings,Alex Rivera,Northstar Ukulele,Instrument,Mahogany,30,390.88,0,11726.4,7153.1,4573.3,Low,Dealer replenishment
NAW-10974,2025-06-01,FY25 Q2,West,Artist Relations,Riverbend Instruments,Samira Khan,Summit Grand Auditorium,Guitar,Spruce/Walnut,20,1737.15,0.03,34743.0,19456.08,15286.92,Medium,Artist clinic follow-up
NAW-10975,2025-06-01,FY25 Q2,West,Dealer,Cedar Hall Music,Priya Shah,Phosphor Bronze Strings,Accessory,String set,58,17.38,0.03,1008.04,423.38,584.66,Medium,Dealer replenishment
NAW-10976,2025-06-01,FY25 Q2,West,Education,Prairie Note,Riley Stone,Summit Grand Auditorium,Guitar,Spruce/Walnut,22,1647.61,0.08,36247.42,20298.56,15948.86,Low,Dealer replenishment
NAW-10977,2025-06-01,FY25 Q2,West,Dealer,Blue Ridge Music,Elliot Chen,Phosphor Bronze Strings,Accessory,String set,24,16.49,0.08,395.76,166.22,229.54,Low,Dealer replenishment
NAW-10978,2025-06-01,FY25 Q2,West,Distributor,Riverbend Instruments,Morgan Evans,Coated Lifespan Strings,Accessory,String set,148,24.19,0.1,3580.12,1396.25,2183.87,Low,Artist clinic follow-up
NAW-10979,2025-06-01,FY25 Q2,West,Artist Relations,Lakeside Strings,Alex Rivera,Stage Cutaway,Guitar,Spruce/Ovangkol,9,1302.59,0.03,11723.31,6916.75,4806.56,Medium,Accessory attach opportunity
NAW-11092,2025-07-01,FY25 Q3,West,Dealer,Main Street Frets,Riley Stone,Northstar Ukulele,Instrument,Mahogany,12,345.23,0.08,4142.76,2527.08,1615.68,Medium,Dealer replenishment
NAW-11093,2025-07-01,FY25 Q3,West,Education,Riverbend Instruments,Taylor Brooks,Foundry Custom,Guitar,Adirondack/Maple,8,3574.02,0.05,28592.16,14010.16,14582.0,Low,Back-to-school promotion
NAW-11094,2025-07-01,FY25 Q3,West,Education,Soundpost Music,Casey Morgan,Harbor OM,Guitar,Spruce/Rosewood,27,1837.62,0.1,49615.74,26792.5,22823.24,High,Accessory attach opportunity
NAW-11095,2025-07-01,FY25 Q3,West,E-commerce,Riverbend Instruments,Casey Morgan,Humidifier Kit,Accessory,Care,86,28.06,0.1,2413.16,1037.66,1375.5,Low,Artist clinic follow-up
NAW-11096,2025-07-01,FY25 Q3,West,E-commerce,Lakeside Strings,Priya Shah,Premium Strap,Accessory,Accessory,84,52.68,0,4425.12,2035.56,2389.56,Medium,Artist clinic follow-up
NAW-11097,2025-07-01,FY25 Q3,West,Artist Relations,Prairie Note,Alex Rivera,Coated Lifespan Strings,Accessory,String set,65,25.03,0.03,1626.95,634.51,992.44,Low,Back-to-school promotion
NAW-11098,2025-07-01,FY25 Q3,West,Education,Main Street Frets,Jordan Lee,Stage Cutaway,Guitar,Spruce/Ovangkol,16,1134.47,0.12,18151.52,10709.4,7442.12,Low,Dealer replenishment
NAW-11099,2025-07-01,FY25 Q3,West,Dealer,Metro Music Supply,Samira Khan,Harbor OM,Guitar,Spruce/Rosewood,9,1980.55,0.03,17824.95,9625.47,8199.48,Low,Accessory attach opportunity
NAW-11100,2025-07-01,FY25 Q3,West,Education,Copper Canyon Guitars,Casey Morgan,Foundry Custom,Guitar,Adirondack/Maple,20,3385.91,0.1,67718.2,33181.92,34536.28,Low,Holiday prebuild
NAW-11101,2025-07-01,FY25 Q3,West,Distributor,Soundpost Music,Riley Stone,Stage Cutaway,Guitar,Spruce/Ovangkol,13,1250.49,0.03,16256.37,9591.26,6665.11,Medium,Dealer replenishment
NAW-11102,2025-07-01,FY25 Q3,West,Dealer,Bayfront Studio Gear,Morgan Evans,Humidifier Kit,Accessory,Care,87,31.18,0,2712.66,1166.44,1546.22,Low,Accessory attach opportunity
NAW-11103,2025-07-01,FY25 Q3,West,Dealer,Copper Canyon Guitars,Elliot Chen,Hardshell Case,Accessory,Case,51,235.47,0,12008.97,7805.83,4203.14,Medium,Back-to-school promotion
NAW-11104,2025-07-01,FY25 Q3,West,Distributor,Desert Tone Co.,Casey Morgan,Stage Cutaway,Guitar,Spruce/Ovangkol,37,1224.71,0.05,45314.27,26735.42,18578.85,Low,Accessory attach opportunity
NAW-11105,2025-07-01,FY25 Q3,West,Artist Relations,Riverbend Instruments,Elliot Chen,Aurora Dreadnought,Guitar,Spruce/Mahogany,35,1326.85,0.05,46439.75,26935.06,19504.69,Low,Holiday prebuild
NAW-11106,2025-07-01,FY25 Q3,West,Education,Copper Canyon Guitars,Elliot Chen,Coated Lifespan Strings,Accessory,String set,79,25.03,0.03,1977.37,771.17,1206.2,Low,Back-to-school promotion
NAW-11107,2025-07-01,FY25 Q3,West,E-commerce,Prairie Note,Elliot Chen,Aurora Dreadnought,Guitar,Spruce/Mahogany,12,1284.95,0.08,15419.4,8943.25,6476.15,Low,Holiday prebuild
NAW-11108,2025-07-01,FY25 Q3,West,Distributor,Copper Canyon Guitars,Elliot Chen,Premium Strap,Accessory,Accessory,154,46.36,0.12,7139.44,3284.14,3855.3,Medium,Holiday prebuild
NAW-11109,2025-07-01,FY25 Q3,West,Distributor,Bayfront Studio Gear,Priya Shah,Harbor OM,Guitar,Spruce/Rosewood,16,1939.71,0.05,31035.36,16759.09,14276.27,Low,Back-to-school promotion
NAW-11110,2025-07-01,FY25 Q3,West,E-commerce,Riverbend Instruments,Alex Rivera,Humidifier Kit,Accessory,Care,94,31.18,0,2930.92,1260.3,1670.62,Medium,Accessory attach opportunity
NAW-11111,2025-07-01,FY25 Q3,West,Artist Relations,Lakeside Strings,Elliot Chen,Aurora Dreadnought,Guitar,Spruce/Mahogany,15,1257.02,0.1,18855.3,10936.07,7919.23,Low,Artist clinic follow-up
NAW-11112,2025-07-01,FY25 Q3,West,Artist Relations,Desert Tone Co.,Casey Morgan,Humidifier Kit,Accessory,Care,125,28.06,0.1,3507.5,1508.23,1999.27,Low,Holiday prebuild
NAW-11113,2025-07-01,FY25 Q3,West,Artist Relations,Pacific Pick House,Taylor Brooks,Foundry Custom,Guitar,Adirondack/Maple,32,3461.15,0.08,110756.8,54270.83,56485.97,Low,Holiday prebuild
NAW-11114,2025-07-01,FY25 Q3,West,E-commerce,Bayfront Studio Gear,Casey Morgan,Hardshell Case,Accessory,Case,82,211.92,0.1,17377.44,11295.34,6082.1,Low,Accessory attach opportunity
NAW-11115,2025-07-01,FY25 Q3,West,Education,Bayfront Studio Gear,Dana Hart,Aurora Dreadnought,Guitar,Spruce/Mahogany,33,1257.02,0.1,41481.66,24059.36,17422.3,Low,Back-to-school promotion
NAW-11116,2025-07-01,FY25 Q3,West,Artist Relations,Lakeside Strings,Dana Hart,Humidifier Kit,Accessory,Care,97,28.06,0.1,2721.82,1170.38,1551.44,Medium,Dealer replenishment
NAW-11117,2025-07-01,FY25 Q3,West,Dealer,Blue Ridge Music,Casey Morgan,Harbor OM,Guitar,Spruce/Rosewood,13,1796.79,0.12,23358.27,12613.47,10744.8,Medium,Dealer replenishment
NAW-11118,2025-07-01,FY25 Q3,West,E-commerce,Copper Canyon Guitars,Elliot Chen,Foundry Custom,Guitar,Adirondack/Maple,3,3649.26,0.03,10947.78,5364.41,5583.37,High,Dealer replenishment
NAW-11119,2025-07-01,FY25 Q3,West,Dealer,Copper Canyon Guitars,Priya Shah,Coated Lifespan Strings,Accessory,String set,157,22.71,0.12,3565.47,1390.53,2174.94,Medium,Dealer replenishment
NAW-11232,2025-08-01,FY25 Q3,West,Artist Relations,Cedar Hall Music,Morgan Evans,Foundry Custom,Guitar,Adirondack/Maple,20,3537.95,0.03,70759.0,34671.91,36087.09,High,Accessory attach opportunity
NAW-11233,2025-08-01,FY25 Q3,West,Dealer,Prairie Note,Morgan Evans,Aurora Dreadnought,Guitar,Spruce/Mahogany,19,1354.08,0,25727.52,14921.96,10805.56,Low,Holiday prebuild
NAW-11234,2025-08-01,FY25 Q3,West,Education,Prairie Note,Elliot Chen,Coated Lifespan Strings,Accessory,String set,134,23.77,0.05,3185.18,1242.22,1942.96,Medium,Artist clinic follow-up
NAW-11235,2025-08-01,FY25 Q3,West,E-commerce,Desert Tone Co.,Casey Morgan,Northstar Ukulele,Instrument,Mahogany,37,327.42,0.1,12114.54,7389.87,4724.67,Low,Accessory attach opportunity
NAW-11236,2025-08-01,FY25 Q3,West,E-commerce,Cedar Hall Music,Elliot Chen,Summit Grand Auditorium,Guitar,Spruce/Walnut,2,1666.8,0,3333.6,1866.82,1466.78,Low,Back-to-school promotion
NAW-11237,2025-08-01,FY25 Q3,West,Artist Relations,Blue Ridge Music,Morgan Evans,Stage Cutaway,Guitar,Spruce/Ovangkol,15,1124.86,0.1,16872.9,9955.01,6917.89,High,Artist clinic follow-up
NAW-11238,2025-08-01,FY25 Q3,West,Artist Relations,Soundpost Music,Elliot Chen,Stage Cutaway,Guitar,Spruce/Ovangkol,13,1249.84,0,16247.92,9586.27,6661.65,Medium,Artist clinic follow-up
NAW-11239,2025-08-01,FY25 Q3,West,Distributor,Cedar Hall Music,Riley Stone,Northstar Ukulele,Instrument,Mahogany,11,352.89,0.03,3881.79,2367.89,1513.9,Low,Accessory attach opportunity
NAW-11240,2025-08-01,FY25 Q3,West,E-commerce,Main Street Frets,Jordan Lee,Humidifier Kit,Accessory,Care,140,29.32,0.03,4104.8,1765.06,2339.74,High,Artist clinic follow-up
NAW-11241,2025-08-01,FY25 Q3,West,Education,Cedar Hall Music,Elliot Chen,Foundry Custom,Guitar,Adirondack/Maple,18,3282.63,0.1,59087.34,28952.8,30134.54,Medium,Back-to-school promotion
NAW-11242,2025-08-01,FY25 Q3,West,Education,Bayfront Studio Gear,Taylor Brooks,Trail Mini,Guitar,HPL/Sapele,21,478.55,0.08,10049.55,6431.71,3617.84,Low,Back-to-school promotion
NAW-11243,2025-08-01,FY25 Q3,West,Distributor,Soundpost Music,Elliot Chen,Foundry Custom,Guitar,Adirondack/Maple,31,3537.95,0.03,109676.45,53741.46,55934.99,High,Holiday prebuild
NAW-11244,2025-08-01,FY25 Q3,West,E-commerce,Soundpost Music,Jordan Lee,Premium Strap,Accessory,Accessory,67,46.99,0.08,3148.33,1448.23,1700.1,Medium,Holiday prebuild
NAW-11245,2025-08-01,FY25 Q3,West,Artist Relations,Desert Tone Co.,Morgan Evans,Coated Lifespan Strings,Accessory,String set,52,23.02,0.08,1197.04,466.85,730.19,Low,Artist clinic follow-up
NAW-11246,2025-08-01,FY25 Q3,West,Distributor,Soundpost Music,Priya Shah,Phosphor Bronze Strings,Accessory,String set,137,16.68,0,2285.16,959.77,1325.39,Medium,Holiday prebuild
NAW-11247,2025-08-01,FY25 Q3,West,Artist Relations,Blue Ridge Music,Samira Khan,Foundry Custom,Guitar,Adirondack/Maple,31,3537.95,0.03,109676.45,53741.46,55934.99,Medium,Back-to-school promotion
NAW-11248,2025-08-01,FY25 Q3,West,Distributor,Desert Tone Co.,Taylor Brooks,Coated Lifespan Strings,Accessory,String set,154,23.77,0.05,3660.58,1427.63,2232.95,High,Artist clinic follow-up
NAW-11249,2025-08-01,FY25 Q3,West,Distributor,Main Street Frets,Dana Hart,Foundry Custom,Guitar,Adirondack/Maple,26,3647.37,0,94831.62,46467.49,48364.13,Low,Back-to-school promotion
NAW-11250,2025-08-01,FY25 Q3,West,Education,Lakeside Strings,Riley Stone,Hardshell Case,Accessory,Case,145,205.46,0.1,29791.7,19364.6,10427.1,Low,Accessory attach opportunity
NAW-11251,2025-08-01,FY25 Q3,West,Dealer,Metro Music Supply,Morgan Evans,Summit Grand Auditorium,Guitar,Spruce/Walnut,26,1616.8,0.03,42036.8,23540.61,18496.19,Medium,Accessory attach opportunity
NAW-11252,2025-08-01,FY25 Q3,West,Dealer,Main Street Frets,Samira Khan,Foundry Custom,Guitar,Adirondack/Maple,23,3355.58,0.08,77178.34,37817.39,39360.95,Low,Holiday prebuild
NAW-11253,2025-08-01,FY25 Q3,West,Dealer,Pacific Pick House,Morgan Evans,Phosphor Bronze Strings,Accessory,String set,100,15.84,0.05,1584.0,665.28,918.72,Medium,Holiday prebuild
NAW-11254,2025-08-01,FY25 Q3,West,E-commerce,Blue Ridge Music,Elliot Chen,Coated Lifespan Strings,Accessory,String set,40,22.52,0.1,900.8,351.31,549.49,Low,Artist clinic follow-up
NAW-11255,2025-08-01,FY25 Q3,West,Dealer,Riverbend Instruments,Priya Shah,Harbor OM,Guitar,Spruce/Rosewood,31,1979.53,0,61365.43,33137.33,28228.1,Low,Holiday prebuild
NAW-11256,2025-08-01,FY25 Q3,West,Artist Relations,Blue Ridge Music,Riley Stone,Phosphor Bronze Strings,Accessory,String set,44,14.68,0.12,645.92,271.29,374.63,High,Accessory attach opportunity
NAW-11257,2025-08-01,FY25 Q3,West,Education,Metro Music Supply,Samira Khan,Foundry Custom,Guitar,Adirondack/Maple,38,3537.95,0.03,134442.1,65876.63,68565.47,Medium,Dealer replenishment
NAW-11258,2025-08-01,FY25 Q3,West,E-commerce,Pacific Pick House,Morgan Evans,Stage Cutaway,Guitar,Spruce/Ovangkol,36,1187.35,0.05,42744.6,25219.31,17525.29,Low,Accessory attach opportunity
NAW-11259,2025-08-01,FY25 Q3,West,Education,Main Street Frets,Elliot Chen,Summit Grand Auditorium,Guitar,Spruce/Walnut,24,1583.46,0.05,38003.04,21281.7,16721.34,High,Artist clinic follow-up
NAW-11372,2025-09-01,FY25 Q3,West,Distributor,Desert Tone Co.,Jordan Lee,Coated Lifespan Strings,Accessory,String set,45,21.76,0.12,979.2,381.89,597.31,Medium,Holiday prebuild
NAW-11373,2025-09-01,FY25 Q3,West,Artist Relations,Cedar Hall Music,Casey Morgan,Summit Grand Auditorium,Guitar,Spruce/Walnut,8,1482.85,0.1,11862.8,6643.17,5219.63,Low,Back-to-school promotion
NAW-11374,2025-09-01,FY25 Q3,West,Distributor,Main Street Frets,Morgan Evans,Stage Cutaway,Guitar,Spruce/Ovangkol,2,1198.39,0.03,2396.78,1414.1,982.68,Low,Back-to-school promotion
NAW-11375,2025-09-01,FY25 Q3,West,Artist Relations,Main Street Frets,Samira Khan,Aurora Dreadnought,Guitar,Spruce/Mahogany,33,1298.33,0.03,42844.89,24850.04,17994.85,Medium,Dealer replenishment
NAW-11376,2025-09-01,FY25 Q3,West,Distributor,Riverbend Instruments,Jordan Lee,Coated Lifespan Strings,Accessory,String set,49,22.26,0.1,1090.74,425.39,665.35,Medium,Dealer replenishment
NAW-11377,2025-09-01,FY25 Q3,West,Education,Pacific Pick House,Priya Shah,Humidifier Kit,Accessory,Care,32,29.88,0,956.16,411.15,545.01,Low,Dealer replenishment
NAW-11378,2025-09-01,FY25 Q3,West,E-commerce,Bayfront Studio Gear,Riley Stone,Stage Cutaway,Guitar,Spruce/Ovangkol,31,1111.9,0.1,34468.9,20336.65,14132.25,High,Accessory attach opportunity
NAW-11379,2025-09-01,FY25 Q3,West,Artist Relations,Copper Canyon Guitars,Dana Hart,Foundry Custom,Guitar,Adirondack/Maple,35,3605.37,0,126187.95,61832.1,64355.85,Medium,Holiday prebuild
NAW-11380,2025-09-01,FY25 Q3,West,Distributor,Soundpost Music,Morgan Evans,Coated Lifespan Strings,Accessory,String set,60,24.73,0,1483.8,578.68,905.12,High,Accessory attach opportunity
NAW-11381,2025-09-01,FY25 Q3,West,Artist Relations,Blue Ridge Music,Casey Morgan,Hardshell Case,Accessory,Case,104,218.89,0.03,22764.56,14796.96,7967.6,Medium,Artist clinic follow-up
NAW-11382,2025-09-01,FY25 Q3,West,Artist Relations,Prairie Note,Jordan Lee,Trail Mini,Guitar,HPL/Sapele,15,473.04,0.08,7095.6,4541.18,2554.42,Low,Holiday prebuild
NAW-11383,2025-09-01,FY25 Q3,West,E-commerce,Riverbend Instruments,Jordan Lee,Premium Strap,Accessory,Accessory,156,47.97,0.05,7483.32,3442.33,4040.99,Low,Accessory attach opportunity
NAW-11384,2025-09-01,FY25 Q3,West,Dealer,Soundpost Music,Casey Morgan,Humidifier Kit,Accessory,Care,149,26.3,0.12,3918.7,1685.04,2233.66,Medium,Back-to-school promotion
NAW-11385,2025-09-01,FY25 Q3,West,E-commerce,Riverbend Instruments,Priya Shah,Northstar Ukulele,Instrument,Mahogany,7,341.63,0.05,2391.41,1458.76,932.65,Low,Holiday prebuild
NAW-11386,2025-09-01,FY25 Q3,West,Dealer,Bayfront Studio Gear,Taylor Brooks,Harbor OM,Guitar,Spruce/Rosewood,26,1956.73,0,50874.98,27472.49,23402.49,Medium,Dealer replenishment
NAW-11387,2025-09-01,FY25 Q3,West,E-commerce,Prairie Note,Samira Khan,Hardshell Case,Accessory,Case,122,203.09,0.1,24776.98,16105.04,8671.94,Medium,Holiday prebuild
NAW-11388,2025-09-01,FY25 Q3,West,Distributor,Bayfront Studio Gear,Priya Shah,Aurora Dreadnought,Guitar,Spruce/Mahogany,21,1338.49,0,28108.29,16302.81,11805.48,High,Accessory attach opportunity
NAW-11389,2025-09-01,FY25 Q3,West,Artist Relations,Desert Tone Co.,Riley Stone,Hardshell Case,Accessory,Case,129,218.89,0.03,28236.81,18353.93,9882.88,Medium,Artist clinic follow-up
NAW-11390,2025-09-01,FY25 Q3,West,Artist Relations,Lakeside Strings,Riley Stone,Phosphor Bronze Strings,Accessory,String set,134,15.17,0.08,2032.78,853.77,1179.01,Low,Back-to-school promotion
NAW-11391,2025-09-01,FY25 Q3,West,Artist Relations,Copper Canyon Guitars,Casey Morgan,Aurora Dreadnought,Guitar,Spruce/Mahogany,6,1271.57,0.05,7629.42,4425.06,3204.36,Low,Holiday prebuild
NAW-11392,2025-09-01,FY25 Q3,West,Artist Relations,Blue Ridge Music,Priya Shah,Stage Cutaway,Guitar,Spruce/Ovangkol,3,1136.61,0.08,3409.83,2011.8,1398.03,Low,Holiday prebuild
NAW-11393,2025-09-01,FY25 Q3,West,Education,Desert Tone Co.,Priya Shah,Harbor OM,Guitar,Spruce/Rosewood,35,1721.92,0.12,60267.2,32544.29,27722.91,High,Dealer replenishment
NAW-11394,2025-09-01,FY25 Q3,West,Dealer,Prairie Note,Taylor Brooks,Harbor OM,Guitar,Spruce/Rosewood,13,1956.73,0,25437.49,13736.24,11701.25,High,Artist clinic follow-up
NAW-11395,2025-09-01,FY25 Q3,West,E-commerce,Blue Ridge Music,Casey Morgan,Hardshell Case,Accessory,Case,138,225.66,0,31141.08,20241.7,10899.38,Low,Back-to-school promotion
NAW-11396,2025-09-01,FY25 Q3,West,Dealer,Main Street Frets,Taylor Brooks,Trail Mini,Guitar,HPL/Sapele,15,452.47,0.12,6787.05,4343.71,2443.34,Low,Holiday prebuild
NAW-11397,2025-09-01,FY25 Q3,West,Education,Soundpost Music,Elliot Chen,Summit Grand Auditorium,Guitar,Spruce/Walnut,20,1647.61,0,32952.2,18453.23,14498.97,Medium,Back-to-school promotion
NAW-11398,2025-09-01,FY25 Q3,West,Education,Bayfront Studio Gear,Elliot Chen,Hardshell Case,Accessory,Case,44,203.09,0.1,8935.96,5808.37,3127.59,Low,Holiday prebuild
NAW-11399,2025-09-01,FY25 Q3,West,Distributor,Soundpost Music,Alex Rivera,Coated Lifespan Strings,Accessory,String set,147,22.75,0.08,3344.25,1304.26,2039.99,Low,Accessory attach opportunity
NAW-11512,2025-10-01,FY25 Q4,West,E-commerce,Main Street Frets,Riley Stone,Stage Cutaway,Guitar,Spruce/Ovangkol,21,1187.35,0.05,24934.35,14711.27,10223.08,Low,Artist clinic follow-up
NAW-11513,2025-10-01,FY25 Q4,West,Dealer,Bayfront Studio Gear,Taylor Brooks,Trail Mini,Guitar,HPL/Sapele,31,504.55,0.03,15641.05,10010.27,5630.78,Low,Holiday prebuild
NAW-11514,2025-10-01,FY25 Q4,West,Distributor,Pacific Pick House,Taylor Brooks,Phosphor Bronze Strings,Accessory,String set,103,15.34,0.08,1580.02,663.61,916.41,Low,Holiday prebuild
NAW-11515,2025-10-01,FY25 Q4,West,Education,Lakeside Strings,Elliot Chen,Phosphor Bronze Strings,Accessory,String set,83,14.68,0.12,1218.44,511.74,706.7,Medium,Dealer replenishment
NAW-11516,2025-10-01,FY25 Q4,West,Dealer,Soundpost Music,Priya Shah,Foundry Custom,Guitar,Adirondack/Maple,7,3355.58,0.08,23489.06,11509.64,11979.42,High,Dealer replenishment
NAW-11517,2025-10-01,FY25 Q4,West,Artist Relations,Bayfront Studio Gear,Samira Khan,Trail Mini,Guitar,HPL/Sapele,5,520.16,0,2600.8,1664.51,936.29,Medium,Artist clinic follow-up
NAW-11518,2025-10-01,FY25 Q4,West,Dealer,Bayfront Studio Gear,Casey Morgan,Hardshell Case,Accessory,Case,48,210.02,0.08,10080.96,6552.62,3528.34,High,Back-to-school promotion
NAW-11519,2025-10-01,FY25 Q4,West,Distributor,Metro Music Supply,Riley Stone,Hardshell Case,Accessory,Case,32,221.44,0.03,7086.08,4605.95,2480.13,High,Holiday prebuild
NAW-11520,2025-10-01,FY25 Q4,West,Dealer,Riverbend Instruments,Casey Morgan,Phosphor Bronze Strings,Accessory,String set,102,16.68,0,1701.36,714.57,986.79,Medium,Holiday prebuild
NAW-11521,2025-10-01,FY25 Q4,West,Artist Relations,Prairie Note,Jordan Lee,Summit Grand Auditorium,Guitar,Spruce/Walnut,15,1616.8,0.03,24252.0,13581.12,10670.88,Medium,Back-to-school promotion
NAW-11522,2025-10-01,FY25 Q4,West,Distributor,Copper Canyon Guitars,Elliot Chen,Harbor OM,Guitar,Spruce/Rosewood,26,1920.14,0.03,49923.64,26958.77,22964.87,High,Accessory attach opportunity
NAW-11523,2025-10-01,FY25 Q4,West,E-commerce,Soundpost Music,Alex Rivera,Trail Mini,Guitar,HPL/Sapele,37,494.15,0.05,18283.55,11701.47,6582.08,High,Back-to-school promotion
NAW-11524,2025-10-01,FY25 Q4,West,Distributor,Riverbend Instruments,Casey Morgan,Northstar Ukulele,Instrument,Mahogany,6,320.14,0.12,1920.84,1171.71,749.13,Medium,Holiday prebuild
NAW-11525,2025-10-01,FY25 Q4,West,Education,Blue Ridge Music,Riley Stone,Trail Mini,Guitar,HPL/Sapele,37,478.55,0.08,17706.35,11332.06,6374.29,Low,Back-to-school promotion
NAW-11526,2025-10-01,FY25 Q4,West,Dealer,Desert Tone Co.,Taylor Brooks,Phosphor Bronze Strings,Accessory,String set,51,15.34,0.08,782.34,328.58,453.76,Low,Dealer replenishment
NAW-11527,2025-10-01,FY25 Q4,West,Education,Cedar Hall Music,Riley Stone,Humidifier Kit,Accessory,Care,115,29.32,0.03,3371.8,1449.87,1921.93,Medium,Holiday prebuild
NAW-11528,2025-10-01,FY25 Q4,West,E-commerce,Soundpost Music,Taylor Brooks,Summit Grand Auditorium,Guitar,Spruce/Walnut,35,1616.8,0.03,56588.0,31689.28,24898.72,Low,Artist clinic follow-up
NAW-11529,2025-10-01,FY25 Q4,West,Dealer,Riverbend Instruments,Samira Khan,Humidifier Kit,Accessory,Care,98,26.6,0.12,2606.8,1120.92,1485.88,Low,Accessory attach opportunity
NAW-11530,2025-10-01,FY25 Q4,West,Artist Relations,Riverbend Instruments,Priya Shah,Trail Mini,Guitar,HPL/Sapele,14,478.55,0.08,6699.7,4287.81,2411.89,Low,Dealer replenishment
NAW-11531,2025-10-01,FY25 Q4,West,E-commerce,Pacific Pick House,Samira Khan,Coated Lifespan Strings,Accessory,String set,43,25.02,0,1075.86,419.59,656.27,High,Artist clinic follow-up
NAW-11532,2025-10-01,FY25 Q4,West,Distributor,Prairie Note,Riley Stone,Aurora Dreadnought,Guitar,Spruce/Mahogany,4,1354.08,0,5416.32,3141.47,2274.85,Medium,Back-to-school promotion
NAW-11533,2025-10-01,FY25 Q4,West,Dealer,Metro Music Supply,Riley Stone,Trail Mini,Guitar,HPL/Sapele,31,520.16,0,16124.96,10319.97,5804.99,Low,Holiday prebuild
NAW-11534,2025-10-01,FY25 Q4,West,E-commerce,Lakeside Strings,Priya Shah,Coated Lifespan Strings,Accessory,String set,160,22.52,0.1,3603.2,1405.25,2197.95,Low,Dealer replenishment
NAW-11535,2025-10-01,FY25 Q4,West,Distributor,Soundpost Music,Taylor Brooks,Hardshell Case,Accessory,Case,63,228.29,0,14382.27,9348.48,5033.79,Low,Holiday prebuild
NAW-11536,2025-10-01,FY25 Q4,West,Distributor,Soundpost Music,Samira Khan,Humidifier Kit,Accessory,Care,73,27.81,0.08,2030.13,872.96,1157.17,Medium,Accessory attach opportunity
NAW-11537,2025-10-01,FY25 Q4,West,Artist Relations,Prairie Note,Priya Shah,Trail Mini,Guitar,HPL/Sapele,4,468.14,0.1,1872.56,1198.44,674.12,Medium,Dealer replenishment
NAW-11538,2025-10-01,FY25 Q4,West,Artist Relations,Prairie Note,Priya Shah,Summit Grand Auditorium,Guitar,Spruce/Walnut,26,1466.79,0.12,38136.54,21356.46,16780.08,Low,Accessory attach opportunity
NAW-11539,2025-10-01,FY25 Q4,West,Distributor,Riverbend Instruments,Samira Khan,Stage Cutaway,Guitar,Spruce/Ovangkol,31,1124.86,0.1,34870.66,20573.69,14296.97,Medium,Holiday prebuild
NAW-11652,2025-11-01,FY25 Q4,West,Distributor,Desert Tone Co.,Elliot Chen,Hardshell Case,Accessory,Case,114,216.63,0.08,24695.82,16052.28,8643.54,Low,Artist clinic follow-up
NAW-11653,2025-11-01,FY25 Q4,West,Distributor,Soundpost Music,Casey Morgan,Northstar Ukulele,Instrument,Mahogany,31,356.48,0.05,11050.88,6741.04,4309.84,Medium,Dealer replenishment
NAW-11654,2025-11-01,FY25 Q4,West,Artist Relations,Desert Tone Co.,Casey Morgan,Trail Mini,Guitar,HPL/Sapele,38,472.14,0.12,17941.32,11482.44,6458.88,High,Accessory attach opportunity
NAW-11655,2025-11-01,FY25 Q4,West,Dealer,Soundpost Music,Riley Stone,Humidifier Kit,Accessory,Care,22,28.69,0.08,631.18,271.41,359.77,Low,Back-to-school promotion
NAW-11656,2025-11-01,FY25 Q4,West,Distributor,Blue Ridge Music,Elliot Chen,Trail Mini,Guitar,HPL/Sapele,24,509.7,0.05,12232.8,7828.99,4403.81,High,Accessory attach opportunity
NAW-11657,2025-11-01,FY25 Q4,West,Artist Relations,Soundpost Music,Jordan Lee,Coated Lifespan Strings,Accessory,String set,133,25.8,0,3431.4,1338.25,2093.15,High,Artist clinic follow-up
NAW-11658,2025-11-01,FY25 Q4,West,E-commerce,Desert Tone Co.,Jordan Lee,Aurora Dreadnought,Guitar,Spruce/Mahogany,37,1284.95,0.08,47543.15,27575.03,19968.12,Medium,Artist clinic follow-up
NAW-11659,2025-11-01,FY25 Q4,West,E-commerce,Lakeside Strings,Alex Rivera,Summit Grand Auditorium,Guitar,Spruce/Walnut,7,1581.71,0.08,11071.97,6200.3,4871.67,High,Dealer replenishment
NAW-11660,2025-11-01,FY25 Q4,West,Distributor,Riverbend Instruments,Jordan Lee,Aurora Dreadnought,Guitar,Spruce/Mahogany,7,1396.68,0,9776.76,5670.52,4106.24,Low,Dealer replenishment
NAW-11661,2025-11-01,FY25 Q4,West,E-commerce,Riverbend Instruments,Dana Hart,Phosphor Bronze Strings,Accessory,String set,138,16.69,0.03,2303.22,967.35,1335.87,Low,Artist clinic follow-up
NAW-11662,2025-11-01,FY25 Q4,West,Dealer,Copper Canyon Guitars,Priya Shah,Northstar Ukulele,Instrument,Mahogany,4,356.48,0.05,1425.92,869.81,556.11,High,Artist clinic follow-up
NAW-11663,2025-11-01,FY25 Q4,West,Education,Riverbend Instruments,Morgan Evans,Humidifier Kit,Accessory,Care,29,31.18,0,904.22,388.81,515.41,Low,Artist clinic follow-up
NAW-11664,2025-11-01,FY25 Q4,West,Distributor,Lakeside Strings,Elliot Chen,Phosphor Bronze Strings,Accessory,String set,35,15.48,0.1,541.8,227.56,314.24,Medium,Holiday prebuild
NAW-11665,2025-11-01,FY25 Q4,West,E-commerce,Blue Ridge Music,Samira Khan,Phosphor Bronze Strings,Accessory,String set,47,16.34,0.05,767.98,322.55,445.43,Medium,Holiday prebuild
NAW-11666,2025-11-01,FY25 Q4,West,Distributor,Prairie Note,Casey Morgan,Hardshell Case,Accessory,Case,110,207.21,0.12,22793.1,14815.51,7977.59,Medium,Accessory attach opportunity
NAW-11667,2025-11-01,FY25 Q4,West,Distributor,Desert Tone Co.,Elliot Chen,Stage Cutaway,Guitar,Spruce/Ovangkol,32,1134.47,0.12,36303.04,21418.79,14884.25,Medium,Dealer replenishment
NAW-11668,2025-11-01,FY25 Q4,West,Distributor,Cedar Hall Music,Riley Stone,Summit Grand Auditorium,Guitar,Spruce/Walnut,13,1512.94,0.12,19668.22,11014.2,8654.02,Low,Artist clinic follow-up
NAW-11669,2025-11-01,FY25 Q4,West,Artist Relations,Main Street Frets,Taylor Brooks,Hardshell Case,Accessory,Case,70,216.63,0.08,15164.1,9856.67,5307.43,Medium,Accessory attach opportunity
NAW-11670,2025-11-01,FY25 Q4,West,E-commerce,Blue Ridge Music,Priya Shah,Trail Mini,Guitar,HPL/Sapele,23,493.6,0.08,11352.8,7265.79,4087.01,High,Holiday prebuild
NAW-11671,2025-11-01,FY25 Q4,West,Dealer,Main Street Frets,Elliot Chen,Premium Strap,Accessory,Accessory,58,51.1,0.03,2963.8,1363.35,1600.45,Low,Artist clinic follow-up
NAW-11672,2025-11-01,FY25 Q4,West,Dealer,Bayfront Studio Gear,Casey Morgan,Northstar Ukulele,Instrument,Mahogany,20,356.48,0.05,7129.6,4349.06,2780.54,Medium,Dealer replenishment
NAW-11673,2025-11-01,FY25 Q4,West,Education,Bayfront Studio Gear,Samira Khan,Hardshell Case,Accessory,Case,54,235.47,0,12715.38,8265.0,4450.38,Medium,Holiday prebuild
NAW-11674,2025-11-01,FY25 Q4,West,Education,Soundpost Music,Morgan Evans,Foundry Custom,Guitar,Adirondack/Maple,20,3649.26,0.03,72985.2,35762.75,37222.45,High,Back-to-school promotion
NAW-11675,2025-11-01,FY25 Q4,West,Artist Relations,Cedar Hall Music,Taylor Brooks,Phosphor Bronze Strings,Accessory,String set,56,15.48,0.1,866.88,364.09,502.79,Medium,Holiday prebuild
NAW-11676,2025-11-01,FY25 Q4,West,Artist Relations,Cedar Hall Music,Morgan Evans,Hardshell Case,Accessory,Case,105,207.21,0.12,21757.05,14142.08,7614.97,High,Holiday prebuild
NAW-11677,2025-11-01,FY25 Q4,West,E-commerce,Bayfront Studio Gear,Alex Rivera,Premium Strap,Accessory,Accessory,112,51.1,0.03,5723.2,2632.67,3090.53,Medium,Back-to-school promotion
NAW-11678,2025-11-01,FY25 Q4,West,Distributor,Soundpost Music,Samira Khan,Trail Mini,Guitar,HPL/Sapele,17,536.52,0,9120.84,5837.34,3283.5,Medium,Back-to-school promotion
NAW-11679,2025-11-01,FY25 Q4,West,Education,Blue Ridge Music,Alex Rivera,Premium Strap,Accessory,Accessory,66,46.36,0.12,3059.76,1407.49,1652.27,High,Holiday prebuild
NAW-11792,2025-12-01,FY25 Q4,West,E-commerce,Desert Tone Co.,Riley Stone,Premium Strap,Accessory,Accessory,93,48.29,0.12,4490.97,2065.85,2425.12,Low,Artist clinic follow-up
NAW-11793,2025-12-01,FY25 Q4,West,Artist Relations,Prairie Note,Casey Morgan,Foundry Custom,Guitar,Adirondack/Maple,16,3722.94,0.05,59567.04,29187.85,30379.19,Low,Back-to-school promotion
NAW-11794,2025-12-01,FY25 Q4,West,E-commerce,Main Street Frets,Jordan Lee,Harbor OM,Guitar,Spruce/Rosewood,31,2126.88,0,65933.28,35603.97,30329.31,Low,Artist clinic follow-up
NAW-11795,2025-12-01,FY25 Q4,West,Dealer,Desert Tone Co.,Elliot Chen,Premium Strap,Accessory,Accessory,123,49.39,0.1,6074.97,2794.49,3280.48,Medium,Accessory attach opportunity
NAW-11796,2025-12-01,FY25 Q4,West,Dealer,Soundpost Music,Priya Shah,Northstar Ukulele,Instrument,Mahogany,14,371.34,0.05,5198.76,3171.24,2027.52,High,Holiday prebuild
NAW-11797,2025-12-01,FY25 Q4,West,Dealer,Soundpost Music,Riley Stone,Humidifier Kit,Accessory,Care,72,28.58,0.12,2057.76,884.84,1172.92,Medium,Accessory attach opportunity
NAW-11798,2025-12-01,FY25 Q4,West,Education,Prairie Note,Taylor Brooks,Foundry Custom,Guitar,Adirondack/Maple,24,3448.61,0.12,82766.64,40555.65,42210.99,Medium,Artist clinic follow-up
NAW-11799,2025-12-01,FY25 Q4,West,E-commerce,Desert Tone Co.,Priya Shah,Premium Strap,Accessory,Accessory,117,54.88,0,6420.96,2953.64,3467.32,High,Back-to-school promotion
NAW-11800,2025-12-01,FY25 Q4,West,Distributor,Lakeside Strings,Jordan Lee,Phosphor Bronze Strings,Accessory,String set,22,16.13,0.1,354.86,149.04,205.82,High,Artist clinic follow-up
NAW-11801,2025-12-01,FY25 Q4,West,Education,Copper Canyon Guitars,Priya Shah,Humidifier Kit,Accessory,Care,40,30.86,0.05,1234.4,530.79,703.61,Low,Accessory attach opportunity
NAW-11802,2025-12-01,FY25 Q4,West,Distributor,Cedar Hall Music,Samira Khan,Hardshell Case,Accessory,Case,104,225.66,0.08,23468.64,15254.62,8214.02,Low,Accessory attach opportunity
NAW-11803,2025-12-01,FY25 Q4,West,Distributor,Riverbend Instruments,Riley Stone,Trail Mini,Guitar,HPL/Sapele,25,530.94,0.05,13273.5,8495.04,4778.46,Medium,Dealer replenishment
NAW-11804,2025-12-01,FY25 Q4,West,Distributor,Lakeside Strings,Morgan Evans,Stage Cutaway,Guitar,Spruce/Ovangkol,9,1275.74,0.05,11481.66,6774.18,4707.48,Medium,Accessory attach opportunity
NAW-11805,2025-12-01,FY25 Q4,West,Distributor,Main Street Frets,Alex Rivera,Harbor OM,Guitar,Spruce/Rosewood,30,1871.65,0.12,56149.5,30320.73,25828.77,High,Artist clinic follow-up
NAW-11806,2025-12-01,FY25 Q4,West,Education,Metro Music Supply,Morgan Evans,Trail Mini,Guitar,HPL/Sapele,6,542.11,0.03,3252.66,2081.7,1170.96,High,Accessory attach opportunity
NAW-11807,2025-12-01,FY25 Q4,West,Distributor,Copper Canyon Guitars,Jordan Lee,Aurora Dreadnought,Guitar,Spruce/Mahogany,9,1309.39,0.1,11784.51,6835.02,4949.49,Low,Dealer replenishment
NAW-11808,2025-12-01,FY25 Q4,West,Artist Relations,Cedar Hall Music,Casey Morgan,Phosphor Bronze Strings,Accessory,String set,27,15.77,0.12,425.79,178.83,246.96,Medium,Dealer replenishment
NAW-11809,2025-12-01,FY25 Q4,West,Artist Relations,Main Street Frets,Taylor Brooks,Premium Strap,Accessory,Accessory,154,50.49,0.08,7775.46,3576.71,4198.75,Medium,Artist clinic follow-up
NAW-11810,2025-12-01,FY25 Q4,West,Artist Relations,Main Street Frets,Morgan Evans,Harbor OM,Guitar,Spruce/Rosewood,11,1914.19,0.1,21056.09,11370.29,9685.8,Low,Accessory attach opportunity
NAW-11811,2025-12-01,FY25 Q4,West,E-commerce,Main Street Frets,Casey Morgan,Coated Lifespan Strings,Accessory,String set,95,25.54,0.05,2426.3,946.26,1480.04,Low,Holiday prebuild
NAW-11812,2025-12-01,FY25 Q4,West,Artist Relations,Desert Tone Co.,Casey Morgan,Stage Cutaway,Guitar,Spruce/Ovangkol,38,1342.88,0,51029.44,30107.37,20922.07,Medium,Back-to-school promotion
NAW-11813,2025-12-01,FY25 Q4,West,Artist Relations,Pacific Pick House,Elliot Chen,Premium Strap,Accessory,Accessory,73,50.49,0.08,3685.77,1695.45,1990.32,High,Artist clinic follow-up
NAW-11814,2025-12-01,FY25 Q4,West,Artist Relations,Desert Tone Co.,Morgan Evans,Foundry Custom,Guitar,Adirondack/Maple,2,3918.88,0,7837.76,3840.5,3997.26,Medium,Back-to-school promotion
NAW-11815,2025-12-01,FY25 Q4,West,Artist Relations,Lakeside Strings,Riley Stone,Northstar Ukulele,Instrument,Mahogany,3,359.61,0.08,1078.83,658.09,420.74,Low,Dealer replenishment
NAW-11816,2025-12-01,FY25 Q4,West,Education,Soundpost Music,Elliot Chen,Premium Strap,Accessory,Accessory,25,54.88,0,1372.0,631.12,740.88,High,Dealer replenishment
NAW-11817,2025-12-01,FY25 Q4,West,Education,Lakeside Strings,Elliot Chen,Coated Lifespan Strings,Accessory,String set,118,24.73,0.08,2918.14,1138.07,1780.07,Medium,Accessory attach opportunity
NAW-11818,2025-12-01,FY25 Q4,West,Artist Relations,Lakeside Strings,Riley Stone,Foundry Custom,Guitar,Adirondack/Maple,29,3918.88,0,113647.52,55687.28,57960.24,Low,Artist clinic follow-up
NAW-11819,2025-12-01,FY25 Q4,West,E-commerce,Blue Ridge Music,Morgan Evans,Phosphor Bronze Strings,Accessory,String set,76,17.02,0.05,1293.52,543.28,750.24,Low,Dealer replenishment
NAW-11932,2026-01-01,FY26 Q1,West,Distributor,Cedar Hall Music,Jordan Lee,Hardshell Case,Accessory,Case,61,255.09,0,15560.49,10114.32,5446.17,Medium,Accessory attach opportunity
NAW-11933,2026-01-01,FY26 Q1,West,Distributor,Cedar Hall Music,Dana Hart,Phosphor Bronze Strings,Accessory,String set,70,18.08,0.03,1265.6,531.55,734.05,Medium,Artist clinic follow-up
NAW-11934,2026-01-01,FY26 Q1,West,E-commerce,Riverbend Instruments,Riley Stone,Harbor OM,Guitar,Spruce/Rosewood,4,1946.52,0.12,7786.08,4204.48,3581.6,Medium,Holiday prebuild
NAW-11935,2026-01-01,FY26 Q1,West,Distributor,Pacific Pick House,Taylor Brooks,Humidifier Kit,Accessory,Care,145,32.77,0.03,4751.65,2043.21,2708.44,Low,Dealer replenishment
NAW-11936,2026-01-01,FY26 Q1,West,Artist Relations,Soundpost Music,Elliot Chen,Foundry Custom,Guitar,Adirondack/Maple,18,3668.07,0.1,66025.26,32352.38,33672.88,Medium,Artist clinic follow-up
NAW-11937,2026-01-01,FY26 Q1,West,E-commerce,Riverbend Instruments,Dana Hart,Hardshell Case,Accessory,Case,82,247.44,0.03,20290.08,13188.55,7101.53,Medium,Holiday prebuild
NAW-11938,2026-01-01,FY26 Q1,West,E-commerce,Blue Ridge Music,Jordan Lee,Phosphor Bronze Strings,Accessory,String set,57,18.08,0.03,1030.56,432.84,597.72,Low,Accessory attach opportunity
NAW-11939,2026-01-01,FY26 Q1,West,Education,Soundpost Music,Morgan Evans,Foundry Custom,Guitar,Adirondack/Maple,17,3586.56,0.12,60971.52,29876.04,31095.48,Medium,Holiday prebuild
NAW-11940,2026-01-01,FY26 Q1,West,Dealer,Metro Music Supply,Samira Khan,Phosphor Bronze Strings,Accessory,String set,91,16.77,0.1,1526.07,640.95,885.12,Medium,Holiday prebuild
NAW-11941,2026-01-01,FY26 Q1,West,Dealer,Main Street Frets,Morgan Evans,Humidifier Kit,Accessory,Care,151,32.09,0.05,4845.59,2083.6,2761.99,Medium,Artist clinic follow-up
NAW-11942,2026-01-01,FY26 Q1,West,Dealer,Metro Music Supply,Riley Stone,Harbor OM,Guitar,Spruce/Rosewood,2,2101.36,0.05,4202.72,2269.47,1933.25,Medium,Artist clinic follow-up
NAW-11943,2026-01-01,FY26 Q1,West,Distributor,Main Street Frets,Taylor Brooks,Harbor OM,Guitar,Spruce/Rosewood,35,2035.0,0.08,71225.0,38461.5,32763.5,Low,Back-to-school promotion
NAW-11944,2026-01-01,FY26 Q1,West,Dealer,Cedar Hall Music,Samira Khan,Premium Strap,Accessory,Accessory,99,54.22,0.05,5367.78,2469.18,2898.6,Low,Back-to-school promotion
NAW-11945,2026-01-01,FY26 Q1,West,Artist Relations,Copper Canyon Guitars,Priya Shah,Foundry Custom,Guitar,Adirondack/Maple,30,3668.07,0.1,110042.1,53920.63,56121.47,Low,Dealer replenishment
NAW-11946,2026-01-01,FY26 Q1,West,Artist Relations,Desert Tone Co.,Riley Stone,Coated Lifespan Strings,Accessory,String set,56,26.56,0.05,1487.36,580.07,907.29,Low,Accessory attach opportunity
NAW-11947,2026-01-01,FY26 Q1,West,Distributor,Prairie Note,Riley Stone,Phosphor Bronze Strings,Accessory,String set,100,18.08,0.03,1808.0,759.36,1048.64,Medium,Holiday prebuild
NAW-11948,2026-01-01,FY26 Q1,West,Dealer,Metro Music Supply,Elliot Chen,Humidifier Kit,Accessory,Care,48,31.08,0.08,1491.84,641.49,850.35,Low,Back-to-school promotion
NAW-11949,2026-01-01,FY26 Q1,West,Dealer,Main Street Frets,Priya Shah,Summit Grand Auditorium,Guitar,Spruce/Walnut,3,1862.52,0,5587.56,3129.03,2458.53,Low,Dealer replenishment
NAW-11950,2026-01-01,FY26 Q1,West,Artist Relations,Bayfront Studio Gear,Riley Stone,Foundry Custom,Guitar,Adirondack/Maple,35,3668.07,0.1,128382.45,62907.4,65475.05,High,Dealer replenishment
NAW-11951,2026-01-01,FY26 Q1,West,Artist Relations,Lakeside Strings,Riley Stone,Summit Grand Auditorium,Guitar,Spruce/Walnut,19,1676.26,0.1,31848.94,17835.41,14013.53,Low,Dealer replenishment
NAW-11952,2026-01-01,FY26 Q1,West,E-commerce,Lakeside Strings,Taylor Brooks,Humidifier Kit,Accessory,Care,70,31.08,0.08,2175.6,935.51,1240.09,Low,Dealer replenishment
NAW-11953,2026-01-01,FY26 Q1,West,Artist Relations,Bayfront Studio Gear,Alex Rivera,Northstar Ukulele,Instrument,Mahogany,23,373.99,0.08,8601.77,5247.08,3354.69,Medium,Holiday prebuild
NAW-11954,2026-01-01,FY26 Q1,West,Education,Copper Canyon Guitars,Samira Khan,Humidifier Kit,Accessory,Care,155,32.09,0.05,4973.95,2138.8,2835.15,High,Back-to-school promotion
NAW-11955,2026-01-01,FY26 Q1,West,Artist Relations,Cedar Hall Music,Casey Morgan,Summit Grand Auditorium,Guitar,Spruce/Walnut,3,1676.26,0.1,5028.78,2816.12,2212.66,High,Holiday prebuild
NAW-11956,2026-01-01,FY26 Q1,West,Distributor,Cedar Hall Music,Morgan Evans,Coated Lifespan Strings,Accessory,String set,63,26.56,0.05,1673.28,652.58,1020.7,High,Dealer replenishment
NAW-11957,2026-01-01,FY26 Q1,West,Education,Lakeside Strings,Alex Rivera,Aurora Dreadnought,Guitar,Spruce/Mahogany,28,1361.77,0.1,38129.56,22115.14,16014.42,Low,Holiday prebuild
NAW-11958,2026-01-01,FY26 Q1,West,E-commerce,Bayfront Studio Gear,Taylor Brooks,Trail Mini,Guitar,HPL/Sapele,18,552.17,0.05,9939.06,6361.0,3578.06,High,Back-to-school promotion
NAW-11959,2026-01-01,FY26 Q1,West,E-commerce,Riverbend Instruments,Samira Khan,Summit Grand Auditorium,Guitar,Spruce/Walnut,33,1639.01,0.12,54087.33,30288.9,23798.43,Low,Holiday prebuild
NAW-12072,2026-02-01,FY26 Q1,West,Education,Main Street Frets,Jordan Lee,Foundry Custom,Guitar,Adirondack/Maple,27,3771.35,0.1,101826.45,49894.96,51931.49,Low,Dealer replenishment
NAW-12073,2026-02-01,FY26 Q1,West,Artist Relations,Soundpost Music,Riley Stone,Humidifier Kit,Accessory,Care,62,34.73,0,2153.26,925.9,1227.36,Medium,Artist clinic follow-up
NAW-12074,2026-02-01,FY26 Q1,West,Dealer,Metro Music Supply,Riley Stone,Premium Strap,Accessory,Accessory,63,56.92,0.03,3585.96,1649.54,1936.42,Low,Holiday prebuild
NAW-12075,2026-02-01,FY26 Q1,West,Dealer,Copper Canyon Guitars,Taylor Brooks,Coated Lifespan Strings,Accessory,String set,145,27.31,0.05,3959.95,1544.38,2415.57,High,Accessory attach opportunity
NAW-12076,2026-02-01,FY26 Q1,West,E-commerce,Main Street Frets,Alex Rivera,Trail Mini,Guitar,HPL/Sapele,5,597.6,0,2988.0,1912.32,1075.68,Medium,Back-to-school promotion
NAW-12077,2026-02-01,FY26 Q1,West,Education,Blue Ridge Music,Taylor Brooks,Stage Cutaway,Guitar,Spruce/Ovangkol,15,1292.33,0.1,19384.95,11437.12,7947.83,Medium,Accessory attach opportunity
NAW-12078,2026-02-01,FY26 Q1,West,E-commerce,Copper Canyon Guitars,Casey Morgan,Trail Mini,Guitar,HPL/Sapele,18,597.6,0,10756.8,6884.35,3872.45,Medium,Artist clinic follow-up
NAW-12079,2026-02-01,FY26 Q1,West,Dealer,Blue Ridge Music,Alex Rivera,Foundry Custom,Guitar,Adirondack/Maple,18,3855.16,0.08,69392.88,34002.51,35390.37,High,Dealer replenishment
NAW-12080,2026-02-01,FY26 Q1,West,E-commerce,Main Street Frets,Alex Rivera,Trail Mini,Guitar,HPL/Sapele,2,567.72,0.05,1135.44,726.68,408.76,Medium,Back-to-school promotion
NAW-12081,2026-02-01,FY26 Q1,West,E-commerce,Blue Ridge Music,Samira Khan,Summit Grand Auditorium,Guitar,Spruce/Walnut,10,1761.76,0.08,17617.6,9865.86,7751.74,Medium,Accessory attach opportunity
NAW-12082,2026-02-01,FY26 Q1,West,Artist Relations,Desert Tone Co.,Taylor Brooks,Northstar Ukulele,Instrument,Mahogany,21,367.81,0.12,7724.01,4711.65,3012.36,Medium,Dealer replenishment
NAW-12083,2026-02-01,FY26 Q1,West,E-commerce,Desert Tone Co.,Jordan Lee,Hardshell Case,Accessory,Case,119,249.16,0.05,29650.04,19272.53,10377.51,High,Artist clinic follow-up
NAW-12084,2026-02-01,FY26 Q1,West,Dealer,Pacific Pick House,Jordan Lee,Harbor OM,Guitar,Spruce/Rosewood,33,2274.23,0,75049.59,40526.78,34522.81,Medium,Back-to-school promotion
NAW-12085,2026-02-01,FY26 Q1,West,Education,Bayfront Studio Gear,Casey Morgan,Trail Mini,Guitar,HPL/Sapele,10,597.6,0,5976.0,3824.64,2151.36,High,Artist clinic follow-up
NAW-12086,2026-02-01,FY26 Q1,West,E-commerce,Lakeside Strings,Priya Shah,Northstar Ukulele,Instrument,Mahogany,27,417.96,0,11284.92,6883.8,4401.12,High,Accessory attach opportunity
NAW-12087,2026-02-01,FY26 Q1,West,Distributor,Metro Music Supply,Dana Hart,Summit Grand Auditorium,Guitar,Spruce/Walnut,15,1761.76,0.08,26426.4,14798.78,11627.62,Low,Artist clinic follow-up
NAW-12088,2026-02-01,FY26 Q1,West,E-commerce,Desert Tone Co.,Taylor Brooks,Northstar Ukulele,Instrument,Mahogany,22,367.81,0.12,8091.82,4936.01,3155.81,Low,Accessory attach opportunity
NAW-12089,2026-02-01,FY26 Q1,West,Artist Relations,Riverbend Instruments,Elliot Chen,Phosphor Bronze Strings,Accessory,String set,150,17.63,0.08,2644.5,1110.69,1533.81,High,Dealer replenishment
NAW-12090,2026-02-01,FY26 Q1,West,Artist Relations,Bayfront Studio Gear,Morgan Evans,Trail Mini,Guitar,HPL/Sapele,26,597.6,0,15537.6,9944.06,5593.54,Low,Accessory attach opportunity
NAW-12091,2026-02-01,FY26 Q1,West,Distributor,Prairie Note,Taylor Brooks,Trail Mini,Guitar,HPL/Sapele,17,549.79,0.08,9346.43,5981.72,3364.71,Low,Dealer replenishment
NAW-12092,2026-02-01,FY26 Q1,West,Dealer,Pacific Pick House,Morgan Evans,Trail Mini,Guitar,HPL/Sapele,34,549.79,0.08,18692.86,11963.43,6729.43,Low,Holiday prebuild
NAW-12093,2026-02-01,FY26 Q1,West,E-commerce,Bayfront Studio Gear,Elliot Chen,Foundry Custom,Guitar,Adirondack/Maple,6,3771.35,0.1,22628.1,11087.77,11540.33,High,Accessory attach opportunity
NAW-12094,2026-02-01,FY26 Q1,West,Dealer,Pacific Pick House,Casey Morgan,Northstar Ukulele,Instrument,Mahogany,37,397.06,0.05,14691.22,8961.64,5729.58,Low,Dealer replenishment
NAW-12095,2026-02-01,FY26 Q1,West,Distributor,Bayfront Studio Gear,Elliot Chen,Aurora Dreadnought,Guitar,Spruce/Mahogany,6,1477.89,0.05,8867.34,5143.06,3724.28,Medium,Holiday prebuild
NAW-12096,2026-02-01,FY26 Q1,West,E-commerce,Main Street Frets,Morgan Evans,Coated Lifespan Strings,Accessory,String set,70,25.87,0.1,1810.9,706.25,1104.65,Low,Holiday prebuild
NAW-12097,2026-02-01,FY26 Q1,West,Distributor,Copper Canyon Guitars,Priya Shah,Phosphor Bronze Strings,Accessory,String set,85,18.2,0.05,1547.0,649.74,897.26,Low,Artist clinic follow-up
NAW-12098,2026-02-01,FY26 Q1,West,Distributor,Pacific Pick House,Riley Stone,Phosphor Bronze Strings,Accessory,String set,112,18.2,0.05,2038.4,856.13,1182.27,Medium,Back-to-school promotion
NAW-12099,2026-02-01,FY26 Q1,West,Dealer,Copper Canyon Guitars,Casey Morgan,Northstar Ukulele,Instrument,Mahogany,4,397.06,0.05,1588.24,968.83,619.41,Low,Dealer replenishment
NAW-12212,2026-03-01,FY26 Q1,West,E-commerce,Lakeside Strings,Jordan Lee,Phosphor Bronze Strings,Accessory,String set,45,18.39,0.05,827.55,347.57,479.98,Medium,Holiday prebuild
NAW-12213,2026-03-01,FY26 Q1,West,Dealer,Riverbend Instruments,Priya Shah,Premium Strap,Accessory,Accessory,24,52.16,0.12,1251.84,575.85,675.99,Medium,Holiday prebuild
NAW-12214,2026-03-01,FY26 Q1,West,Artist Relations,Metro Music Supply,Riley Stone,Foundry Custom,Guitar,Adirondack/Maple,37,4105.42,0.03,151900.54,74431.26,77469.28,High,Holiday prebuild
NAW-12215,2026-03-01,FY26 Q1,West,Dealer,Pacific Pick House,Jordan Lee,Northstar Ukulele,Instrument,Mahogany,28,388.38,0.08,10874.64,6633.53,4241.11,Medium,Dealer replenishment
NAW-12216,2026-03-01,FY26 Q1,West,Dealer,Riverbend Instruments,Priya Shah,Humidifier Kit,Accessory,Care,35,32.27,0.08,1129.45,485.66,643.79,Low,Back-to-school promotion
NAW-12217,2026-03-01,FY26 Q1,West,E-commerce,Prairie Note,Riley Stone,Phosphor Bronze Strings,Accessory,String set,149,19.35,0,2883.15,1210.92,1672.23,High,Dealer replenishment
NAW-12218,2026-03-01,FY26 Q1,West,Dealer,Bayfront Studio Gear,Riley Stone,Harbor OM,Guitar,Spruce/Rosewood,14,2113.27,0.08,29585.78,15976.32,13609.46,Low,Holiday prebuild
NAW-12219,2026-03-01,FY26 Q1,West,Dealer,Main Street Frets,Priya Shah,Trail Mini,Guitar,HPL/Sapele,4,603.59,0,2414.36,1545.19,869.17,High,Artist clinic follow-up
NAW-12220,2026-03-01,FY26 Q1,West,Distributor,Pacific Pick House,Morgan Evans,Harbor OM,Guitar,Spruce/Rosewood,28,2113.27,0.08,59171.56,31952.64,27218.92,Low,Accessory attach opportunity
NAW-12221,2026-03-01,FY26 Q1,West,Distributor,Bayfront Studio Gear,Riley Stone,Harbor OM,Guitar,Spruce/Rosewood,27,2228.12,0.03,60159.24,32485.99,27673.25,Medium,Accessory attach opportunity
NAW-12222,2026-03-01,FY26 Q1,West,E-commerce,Blue Ridge Music,Taylor Brooks,Trail Mini,Guitar,HPL/Sapele,9,555.3,0.08,4997.7,3198.53,1799.17,Low,Accessory attach opportunity
NAW-12223,2026-03-01,FY26 Q1,West,E-commerce,Pacific Pick House,Morgan Evans,Coated Lifespan Strings,Accessory,String set,159,27.58,0.05,4385.22,1710.24,2674.98,Low,Accessory attach opportunity
NAW-12224,2026-03-01,FY26 Q1,West,Education,Metro Music Supply,Taylor Brooks,Coated Lifespan Strings,Accessory,String set,158,28.16,0.03,4449.28,1735.22,2714.06,Medium,Accessory attach opportunity
NAW-12225,2026-03-01,FY26 Q1,West,Distributor,Main Street Frets,Taylor Brooks,Phosphor Bronze Strings,Accessory,String set,101,17.03,0.12,1720.03,722.41,997.62,Medium,Accessory attach opportunity
NAW-12226,2026-03-01,FY26 Q1,West,Artist Relations,Main Street Frets,Alex Rivera,Hardshell Case,Accessory,Case,102,264.9,0,27019.8,17562.87,9456.93,Low,Back-to-school promotion
NAW-12227,2026-03-01,FY26 Q1,West,Dealer,Prairie Note,Samira Khan,Humidifier Kit,Accessory,Care,52,33.32,0.05,1732.64,745.04,987.6,Medium,Back-to-school promotion
NAW-12228,2026-03-01,FY26 Q1,West,Dealer,Prairie Note,Samira Khan,Coated Lifespan Strings,Accessory,String set,138,26.13,0.1,3605.94,1406.32,2199.62,Low,Dealer replenishment
NAW-12229,2026-03-01,FY26 Q1,West,Education,Lakeside Strings,Jordan Lee,Premium Strap,Accessory,Accessory,74,52.16,0.12,3859.84,1775.53,2084.31,Medium,Holiday prebuild
NAW-12230,2026-03-01,FY26 Q1,West,E-commerce,Prairie Note,Samira Khan,Harbor OM,Guitar,Spruce/Rosewood,27,2067.33,0.1,55817.91,30141.67,25676.24,Medium,Artist clinic follow-up
NAW-12231,2026-03-01,FY26 Q1,West,Education,Lakeside Strings,Priya Shah,Coated Lifespan Strings,Accessory,String set,147,26.13,0.1,3841.11,1498.03,2343.08,Medium,Artist clinic follow-up
NAW-12232,2026-03-01,FY26 Q1,West,Education,Cedar Hall Music,Casey Morgan,Aurora Dreadnought,Guitar,Spruce/Mahogany,13,1382.72,0.12,17975.36,10425.71,7549.65,Low,Dealer replenishment
NAW-12233,2026-03-01,FY26 Q1,West,Distributor,Copper Canyon Guitars,Riley Stone,Phosphor Bronze Strings,Accessory,String set,160,17.81,0.08,2849.6,1196.83,1652.77,Low,Artist clinic follow-up
NAW-12234,2026-03-01,FY26 Q1,West,Education,Blue Ridge Music,Priya Shah,Stage Cutaway,Guitar,Spruce/Ovangkol,23,1305.28,0.1,30021.44,17712.65,12308.79,Low,Dealer replenishment
NAW-12235,2026-03-01,FY26 Q1,West,Artist Relations,Pacific Pick House,Jordan Lee,Coated Lifespan Strings,Accessory,String set,130,26.71,0.08,3472.3,1354.2,2118.1,Low,Holiday prebuild
NAW-12236,2026-03-01,FY26 Q1,West,Distributor,Soundpost Music,Riley Stone,Trail Mini,Guitar,HPL/Sapele,36,531.16,0.12,19121.76,12237.93,6883.83,High,Accessory attach opportunity
NAW-12237,2026-03-01,FY26 Q1,West,Artist Relations,Blue Ridge Music,Samira Khan,Coated Lifespan Strings,Accessory,String set,68,25.55,0.12,1737.4,677.59,1059.81,Low,Dealer replenishment
NAW-12238,2026-03-01,FY26 Q1,West,Dealer,Riverbend Instruments,Priya Shah,Northstar Ukulele,Instrument,Mahogany,10,409.49,0.03,4094.9,2497.89,1597.01,Low,Back-to-school promotion
NAW-12239,2026-03-01,FY26 Q1,West,E-commerce,Bayfront Studio Gear,Elliot Chen,Foundry Custom,Guitar,Adirondack/Maple,38,3809.15,0.1,144747.7,70926.37,73821.33,Low,Dealer replenishment
NAW-12352,2026-04-01,FY26 Q2,West,Distributor,Prairie Note,Morgan Evans,Hardshell Case,Accessory,Case,66,249.16,0.05,16444.56,10688.96,5755.6,Medium,Accessory attach opportunity
NAW-12353,2026-04-01,FY26 Q2,West,Distributor,Copper Canyon Guitars,Taylor Brooks,Hardshell Case,Accessory,Case,151,241.29,0.08,36434.79,23682.61,12752.18,Medium,Dealer replenishment
NAW-12354,2026-04-01,FY26 Q2,West,E-commerce,Blue Ridge Music,Taylor Brooks,Hardshell Case,Accessory,Case,44,254.41,0.03,11194.04,7276.13,3917.91,Low,Back-to-school promotion
NAW-12355,2026-04-01,FY26 Q2,West,Distributor,Cedar Hall Music,Alex Rivera,Coated Lifespan Strings,Accessory,String set,26,27.31,0.05,710.06,276.92,433.14,Low,Artist clinic follow-up
NAW-12356,2026-04-01,FY26 Q2,West,Artist Relations,Cedar Hall Music,Taylor Brooks,Humidifier Kit,Accessory,Care,53,30.56,0.12,1619.68,696.46,923.22,Low,Artist clinic follow-up
NAW-12357,2026-04-01,FY26 Q2,West,Artist Relations,Riverbend Instruments,Samira Khan,Aurora Dreadnought,Guitar,Spruce/Mahogany,15,1509.01,0.03,22635.15,13128.39,9506.76,Low,Holiday prebuild
NAW-12358,2026-04-01,FY26 Q2,West,E-commerce,Riverbend Instruments,Taylor Brooks,Phosphor Bronze Strings,Accessory,String set,31,17.63,0.08,546.53,229.54,316.99,Low,Back-to-school promotion
NAW-12359,2026-04-01,FY26 Q2,West,Artist Relations,Bayfront Studio Gear,Casey Morgan,Stage Cutaway,Guitar,Spruce/Ovangkol,23,1292.33,0.1,29723.59,17536.92,12186.67,High,Holiday prebuild
NAW-12360,2026-04-01,FY26 Q2,West,Dealer,Main Street Frets,Morgan Evans,Phosphor Bronze Strings,Accessory,String set,37,16.86,0.12,623.82,262.0,361.82,Low,Accessory attach opportunity
NAW-12361,2026-04-01,FY26 Q2,West,Artist Relations,Cedar Hall Music,Jordan Lee,Phosphor Bronze Strings,Accessory,String set,100,18.59,0.03,1859.0,780.78,1078.22,Low,Holiday prebuild
NAW-12362,2026-04-01,FY26 Q2,West,Distributor,Blue Ridge Music,Alex Rivera,Stage Cutaway,Guitar,Spruce/Ovangkol,12,1435.92,0,17231.04,10166.31,7064.73,Medium,Holiday prebuild
NAW-12363,2026-04-01,FY26 Q2,West,Artist Relations,Prairie Note,Samira Khan,Stage Cutaway,Guitar,Spruce/Ovangkol,17,1263.61,0.12,21481.37,12674.01,8807.36,High,Back-to-school promotion
NAW-12364,2026-04-01,FY26 Q2,West,Distributor,Soundpost Music,Riley Stone,Trail Mini,Guitar,HPL/Sapele,38,525.89,0.12,19983.82,12789.64,7194.18,Low,Back-to-school promotion
NAW-12365,2026-04-01,FY26 Q2,West,E-commerce,Main Street Frets,Priya Shah,Aurora Dreadnought,Guitar,Spruce/Mahogany,27,1400.11,0.1,37802.97,21925.72,15877.25,Low,Holiday prebuild
NAW-12366,2026-04-01,FY26 Q2,West,Dealer,Pacific Pick House,Samira Khan,Trail Mini,Guitar,HPL/Sapele,38,579.67,0.03,22027.46,14097.57,7929.89,Medium,Back-to-school promotion
NAW-12367,2026-04-01,FY26 Q2,West,E-commerce,Pacific Pick House,Samira Khan,Aurora Dreadnought,Guitar,Spruce/Mahogany,22,1431.22,0.08,31486.84,18262.37,13224.47,Medium,Holiday prebuild
NAW-12368,2026-04-01,FY26 Q2,West,Dealer,Bayfront Studio Gear,Taylor Brooks,Summit Grand Auditorium,Guitar,Spruce/Walnut,10,1857.51,0.03,18575.1,10402.06,8173.04,Medium,Back-to-school promotion
NAW-12369,2026-04-01,FY26 Q2,West,E-commerce,Desert Tone Co.,Alex Rivera,Coated Lifespan Strings,Accessory,String set,51,25.87,0.1,1319.37,514.55,804.82,Low,Accessory attach opportunity
NAW-12370,2026-04-01,FY26 Q2,West,Dealer,Main Street Frets,Morgan Evans,Premium Strap,Accessory,Accessory,28,58.68,0,1643.04,755.8,887.24,High,Back-to-school promotion
NAW-12371,2026-04-01,FY26 Q2,West,Distributor,Lakeside Strings,Samira Khan,Harbor OM,Guitar,Spruce/Rosewood,35,2001.33,0.12,70046.55,37825.14,32221.41,Low,Back-to-school promotion
NAW-12372,2026-04-01,FY26 Q2,West,Artist Relations,Pacific Pick House,Taylor Brooks,Northstar Ukulele,Instrument,Mahogany,13,397.06,0.05,5161.78,3148.69,2013.09,Low,Accessory attach opportunity
NAW-12373,2026-04-01,FY26 Q2,West,Artist Relations,Copper Canyon Guitars,Priya Shah,Stage Cutaway,Guitar,Spruce/Ovangkol,25,1364.12,0.05,34103.0,20120.77,13982.23,Low,Artist clinic follow-up
NAW-12374,2026-04-01,FY26 Q2,West,E-commerce,Prairie Note,Samira Khan,Premium Strap,Accessory,Accessory,103,52.81,0.1,5439.43,2502.14,2937.29,Low,Holiday prebuild
NAW-12375,2026-04-01,FY26 Q2,West,Dealer,Main Street Frets,Taylor Brooks,Coated Lifespan Strings,Accessory,String set,31,26.44,0.08,819.64,319.66,499.98,Low,Back-to-school promotion
NAW-12376,2026-04-01,FY26 Q2,West,Distributor,Blue Ridge Music,Elliot Chen,Northstar Ukulele,Instrument,Mahogany,5,384.52,0.08,1922.6,1172.79,749.81,Low,Back-to-school promotion
NAW-12377,2026-04-01,FY26 Q2,West,Dealer,Pacific Pick House,Jordan Lee,Premium Strap,Accessory,Accessory,144,53.99,0.08,7774.56,3576.3,4198.26,Low,Artist clinic follow-up
NAW-12378,2026-04-01,FY26 Q2,West,Education,Prairie Note,Alex Rivera,Northstar Ukulele,Instrument,Mahogany,18,397.06,0.05,7147.08,4359.72,2787.36,Low,Holiday prebuild
NAW-12379,2026-04-01,FY26 Q2,West,Distributor,Riverbend Instruments,Priya Shah,Northstar Ukulele,Instrument,Mahogany,9,405.42,0.03,3648.78,2225.76,1423.02,Low,Artist clinic follow-up
NAW-12492,2026-05-01,FY26 Q2,West,Artist Relations,Copper Canyon Guitars,Dana Hart,Foundry Custom,Guitar,Adirondack/Maple,18,3668.07,0.1,66025.26,32352.38,33672.88,High,Dealer replenishment
NAW-12493,2026-05-01,FY26 Q2,West,Education,Lakeside Strings,Taylor Brooks,Aurora Dreadnought,Guitar,Spruce/Mahogany,12,1392.03,0.08,16704.36,9688.53,7015.83,Low,Accessory attach opportunity
NAW-12494,2026-05-01,FY26 Q2,West,Education,Bayfront Studio Gear,Jordan Lee,Premium Strap,Accessory,Accessory,59,50.23,0.12,2963.57,1363.24,1600.33,Medium,Artist clinic follow-up
NAW-12495,2026-05-01,FY26 Q2,West,Dealer,Lakeside Strings,Jordan Lee,Stage Cutaway,Guitar,Spruce/Ovangkol,38,1284.87,0.08,48825.06,28806.79,20018.27,Low,Artist clinic follow-up
NAW-12496,2026-05-01,FY26 Q2,West,Distributor,Metro Music Supply,Jordan Lee,Premium Strap,Accessory,Accessory,18,57.08,0,1027.44,472.62,554.82,Low,Accessory attach opportunity
NAW-12497,2026-05-01,FY26 Q2,West,E-commerce,Cedar Hall Music,Morgan Evans,Stage Cutaway,Guitar,Spruce/Ovangkol,7,1256.94,0.1,8798.58,5191.16,3607.42,Low,Dealer replenishment
NAW-12498,2026-05-01,FY26 Q2,West,Artist Relations,Copper Canyon Guitars,Samira Khan,Foundry Custom,Guitar,Adirondack/Maple,20,3749.58,0.08,74991.6,36745.88,38245.72,Medium,Holiday prebuild
NAW-12499,2026-05-01,FY26 Q2,West,Dealer,Prairie Note,Taylor Brooks,Premium Strap,Accessory,Accessory,133,51.37,0.1,6832.21,3142.82,3689.39,Low,Artist clinic follow-up
NAW-12500,2026-05-01,FY26 Q2,West,E-commerce,Prairie Note,Casey Morgan,Hardshell Case,Accessory,Case,98,234.68,0.08,22998.64,14949.12,8049.52,Low,Dealer replenishment
NAW-12501,2026-05-01,FY26 Q2,West,Distributor,Cedar Hall Music,Dana Hart,Summit Grand Auditorium,Guitar,Spruce/Walnut,35,1676.26,0.1,58669.1,32854.7,25814.4,Low,Dealer replenishment
NAW-12502,2026-05-01,FY26 Q2,West,E-commerce,Prairie Note,Alex Rivera,Northstar Ukulele,Instrument,Mahogany,4,406.52,0,1626.08,991.91,634.17,Low,Holiday prebuild
NAW-12503,2026-05-01,FY26 Q2,West,Distributor,Lakeside Strings,Jordan Lee,Foundry Custom,Guitar,Adirondack/Maple,21,3668.07,0.1,77029.47,37744.44,39285.03,Low,Back-to-school promotion
NAW-12504,2026-05-01,FY26 Q2,West,Distributor,Main Street Frets,Jordan Lee,Foundry Custom,Guitar,Adirondack/Maple,38,3871.85,0.05,147130.3,72093.85,75036.45,Low,Accessory attach opportunity
NAW-12505,2026-05-01,FY26 Q2,West,Artist Relations,Desert Tone Co.,Jordan Lee,Stage Cutaway,Guitar,Spruce/Ovangkol,9,1396.6,0,12569.4,7415.95,5153.45,High,Accessory attach opportunity
NAW-12506,2026-05-01,FY26 Q2,West,Education,Prairie Note,Alex Rivera,Trail Mini,Guitar,HPL/Sapele,12,523.11,0.1,6277.32,4017.48,2259.84,Medium,Accessory attach opportunity
NAW-12507,2026-05-01,FY26 Q2,West,E-commerce,Lakeside Strings,Casey Morgan,Trail Mini,Guitar,HPL/Sapele,15,581.24,0,8718.6,5579.9,3138.7,Medium,Dealer replenishment
NAW-12508,2026-05-01,FY26 Q2,West,Distributor,Pacific Pick House,Priya Shah,Premium Strap,Accessory,Accessory,84,55.36,0.03,4650.24,2139.11,2511.13,Medium,Accessory attach opportunity
NAW-12509,2026-05-01,FY26 Q2,West,Dealer,Soundpost Music,Priya Shah,Trail Mini,Guitar,HPL/Sapele,10,581.24,0,5812.4,3719.94,2092.46,Low,Accessory attach opportunity
NAW-12510,2026-05-01,FY26 Q2,West,E-commerce,Cedar Hall Music,Elliot Chen,Coated Lifespan Strings,Accessory,String set,66,26.56,0.05,1752.96,683.65,1069.31,Medium,Accessory attach opportunity
NAW-12511,2026-05-01,FY26 Q2,West,Education,Riverbend Instruments,Priya Shah,Phosphor Bronze Strings,Accessory,String set,24,18.08,0.03,433.92,182.25,251.67,Low,Back-to-school promotion
NAW-12512,2026-05-01,FY26 Q2,West,Distributor,Main Street Frets,Casey Morgan,Aurora Dreadnought,Guitar,Spruce/Mahogany,5,1467.68,0.03,7338.4,4256.27,3082.13,Medium,Dealer replenishment
NAW-12513,2026-05-01,FY26 Q2,West,Dealer,Bayfront Studio Gear,Riley Stone,Stage Cutaway,Guitar,Spruce/Ovangkol,25,1354.7,0.03,33867.5,19981.83,13885.67,Low,Back-to-school promotion
NAW-12514,2026-05-01,FY26 Q2,West,E-commerce,Copper Canyon Guitars,Riley Stone,Summit Grand Auditorium,Guitar,Spruce/Walnut,36,1676.26,0.1,60345.36,33793.4,26551.96,Medium,Artist clinic follow-up
NAW-12515,2026-05-01,FY26 Q2,West,Education,Cedar Hall Music,Jordan Lee,Summit Grand Auditorium,Guitar,Spruce/Walnut,22,1713.51,0.08,37697.22,21110.44,16586.78,High,Dealer replenishment
NAW-12516,2026-05-01,FY26 Q2,West,E-commerce,Lakeside Strings,Priya Shah,Stage Cutaway,Guitar,Spruce/Ovangkol,25,1256.94,0.1,31423.5,18539.87,12883.63,Medium,Holiday prebuild
NAW-12517,2026-05-01,FY26 Q2,West,Dealer,Prairie Note,Alex Rivera,Stage Cutaway,Guitar,Spruce/Ovangkol,6,1256.94,0.1,7541.64,4449.57,3092.07,High,Accessory attach opportunity
NAW-12518,2026-05-01,FY26 Q2,West,Artist Relations,Soundpost Music,Alex Rivera,Trail Mini,Guitar,HPL/Sapele,6,552.17,0.05,3313.02,2120.33,1192.69,High,Artist clinic follow-up
NAW-12519,2026-05-01,FY26 Q2,West,E-commerce,Bayfront Studio Gear,Casey Morgan,Trail Mini,Guitar,HPL/Sapele,8,511.49,0.12,4091.92,2618.83,1473.09,Medium,Holiday prebuild
